ListingID,ListingDate,Neighborhood,YearBuilt,Renovated,Bedrooms,Bathrooms,SqFt_Living,SqFt_Lot,Floors,GarageSpaces,Condition,SchoolRating,DistanceToCenter_km,CrimeIndex,MedianIncome_k,Price_USD
1000001,2025-02-08,Rural,2015,0,2,3.5,2890,7133,1,1,2,1,2.65,33.8,69.6,567500
1000002,2023-06-17,Suburb,1945,1,1,3.0,3150,1067,2,0,4,6,17.53,41.0,97.7,699700
1000003,2023-05-02,Rural,1974,0,4,2.0,1490,10359,2,2,1,6,15.03,50.3,83.0,355000
1000004,2023-03-22,Suburb,1979,0,5,3.5,1821,7261,1,0,5,8,17.39,52.3,41.8,511900
1000005,2025-02-15,Downtown,2008,1,5,1.0,3997,11756,1,0,3,6,18.24,37.2,63.2,1037000
1000006,2024-11-04,Waterfront,1951,0,6,3.5,3652,9577,1,1,3,2,5.6,73.3,45.0,1036000
1000007,2023-05-11,Rural,1977,0,3,3.0,2028,11979,2,2,1,4,5.22,51.3,40.7,433300
1000008,2024-07-02,Rural,1953,0,5,1.5,1391,7338,2,2,3,5,20.43,53.0,80.6,408000
1000009,2025-05-22,Downtown,2007,0,5,1.0,1615,912,2,2,1,10,8.34,71.4,90.3,608500
1000010,2023-09-18,Suburb,1994,0,2,3.5,2492,2655,1,2,5,6,0.5,38.3,87.7,645000
1000011,2024-10-25,Uptown,1982,0,6,2.0,2597,7316,1,2,4,7,19.84,43.7,91.3,714200
1000012,2023-11-17,Waterfront,1973,0,1,4.0,1181,6444,1,2,3,8,4.67,26.2,77.7,525700
1000013,2023-10-14,Suburb,1953,0,4,3.5,743,12080,1,0,5,4,18.2,42.4,72.0,365500
1000014,2024-03-05,Rural,2019,0,6,3.0,2333,6645,2,2,5,10,26.54,22.7,54.4,532300
1000015,2024-01-22,Suburb,1995,1,4,2.0,3451,13015,1,0,1,7,14.15,56.2,68.3,776500
1000016,2024-06-27,Uptown,1967,0,6,3.0,1064,3465,1,0,1,9,22.96,51.3,48.9,410700
1000017,2023-08-14,Suburb,1975,0,1,4.0,2011,6265,1,0,2,8,15.38,40.8,59.4,489300
1000018,2024-03-03,Downtown,2002,1,4,1.0,1098,11540,1,2,1,7,28.29,43.5,80.0,437100
1000019,2024-11-13,Rural,2001,0,5,2.0,1396,2562,2,2,3,1,4.44,56.4,75.4,377900
1000020,2024-02-29,Suburb,1979,0,4,2.0,2765,5364,1,3,3,6,13.93,28.0,145.4,720600
1000021,2024-12-20,Rural,1966,0,6,2.0,1559,11477,2,3,3,2,20.06,48.1,48.4,403600
1000022,2023-05-07,Uptown,1996,0,3,3.5,1476,9164,2,2,1,7,12.29,55.5,75.2,468800
1000023,2023-05-31,Waterfront,1996,1,5,2.5,4184,11849,2,0,5,8,24.37,18.3,46.7,1224800
1000024,2025-08-06,Rural,1991,0,3,2.5,1137,8123,2,2,5,6,10.11,55.3,69.5,334600
1000025,2024-05-21,Rural,1946,0,6,2.0,1200,13001,2,2,3,4,32.62,19.9,70.4,319100
1000026,2024-10-29,Downtown,1980,0,1,1.5,3941,13260,2,2,1,1,33.1,43.2,96.6,870000
1000027,2025-03-21,Suburb,1992,0,2,2.0,2536,14639,1,0,2,7,16.54,27.5,68.1,570200
1000028,2023-06-10,Downtown,2021,0,1,3.5,659,2532,1,0,4,7,18.97,66.5,73.8,299500
1000029,2025-12-01,Downtown,1985,0,5,3.0,2072,9195,2,3,4,5,24.73,27.6,68.5,611600
1000030,2024-04-09,Suburb,1969,0,2,2.0,2591,2422,1,0,2,8,3.32,20.2,47.2,579000
1000031,2025-09-02,Rural,1987,0,2,3.5,1437,4050,1,1,5,8,2.19,47.0,63.7,388700
1000032,2024-04-01,Waterfront,1955,0,6,1.0,2529,5064,2,1,5,6,25.31,38.8,69.6,794200
1000033,2024-03-20,Uptown,1947,0,3,2.0,2900,9975,1,0,3,1,16.47,22.4,79.6,713700
1000034,2024-10-20,Uptown,1998,0,1,2.0,1427,6923,1,0,2,9,11.96,52.9,90.3,424900
1000035,2023-07-29,Suburb,2024,0,1,4.5,3506,13080,2,3,3,5,14.1,15.1,72.8,814600
1000036,2024-10-29,Downtown,2012,0,2,3.0,2175,5039,1,2,1,7,0.5,29.5,72.5,677500
1000037,2025-12-13,Downtown,1990,1,6,3.0,4065,9565,2,3,3,10,12.28,36.4,40.1,1169500
1000038,2024-12-08,Suburb,1943,0,4,1.0,824,11638,1,1,1,4,7.22,57.0,89.9,297400
1000039,2023-03-18,Uptown,2024,1,6,1.5,1699,14721,2,1,1,7,22.26,64.4,62.7,511400
1000040,2025-02-03,Suburb,1978,0,2,3.0,3169,4283,2,1,3,1,22.96,61.5,94.4,633100
1000041,2023-02-06,Suburb,1964,1,3,2.0,3812,11217,1,1,3,9,19.19,42.7,107.0,841600
1000042,2023-04-24,Rural,2016,0,1,4.0,1320,2003,1,0,5,1,17.56,10.0,73.9,336200
1000043,2023-11-08,Suburb,2004,0,3,3.5,4127,8517,1,2,3,6,0.52,50.9,55.5,927400
1000044,2023-12-01,Uptown,2004,0,4,2.5,1215,6676,1,3,5,4,19.32,67.1,77.6,478800
1000045,2023-01-04,Rural,1963,0,5,3.5,2040,14412,1,1,5,1,19.66,63.5,85.7,514500
1000046,2023-01-20,Rural,2025,0,3,4.5,1665,11782,3,1,2,5,25.21,51.9,71.1,458100
1000047,2025-05-15,Uptown,1978,0,5,2.5,2070,13967,1,1,5,10,33.06,27.2,65.6,618100
1000048,2024-05-13,Uptown,1985,0,4,3.0,3839,12878,2,0,3,2,0.5,37.1,90.4,967700
1000049,2023-08-08,Suburb,2004,0,2,4.0,3211,6631,1,1,3,3,10.5,74.0,88.9,696800
1000050,2024-04-15,Downtown,1996,0,6,2.0,3447,11214,3,1,1,2,7.32,23.7,70.4,953600
1000051,2025-01-29,Downtown,1954,0,3,4.0,1440,1232,1,1,2,2,15.55,27.8,41.6,441100
1000052,2025-03-15,Downtown,1966,0,1,1.0,4004,8722,1,1,3,3,14.12,59.1,88.0,968900
1000053,2023-11-12,Rural,1971,0,6,3.0,2111,1471,2,2,2,6,11.89,38.5,61.1,448500
1000054,2023-07-03,Suburb,2021,0,6,3.5,2912,11084,1,1,3,8,23.25,27.3,82.7,754600
1000055,2025-11-17,Suburb,2001,0,1,3.0,3082,14528,2,0,1,7,4.09,67.9,81.3,712500
1000056,2024-11-23,Rural,1971,0,6,2.5,2953,10476,1,0,2,8,4.63,51.9,36.4,605400
1000057,2025-12-13,Suburb,2003,1,6,3.0,2727,12727,1,0,4,8,4.78,39.3,79.8,752800
1000058,2023-12-03,Suburb,2003,0,5,1.5,2276,4128,1,2,4,4,10.76,27.8,89.3,635600
1000059,2023-05-02,Downtown,1973,0,2,1.5,2896,14914,2,2,5,10,2.94,75.7,92.0,939700
1000060,2024-02-23,Downtown,1974,1,4,2.0,3850,8621,1,2,5,2,13.56,44.6,80.6,1009300
1000061,2023-12-26,Suburb,2016,1,4,3.0,1942,10377,1,2,5,7,12.51,66.0,34.5,573900
1000062,2025-02-27,Suburb,1988,0,4,2.5,2390,11743,1,1,1,2,6.92,58.4,106.1,539700
1000063,2025-02-23,Suburb,1952,1,4,2.0,1166,9882,1,0,4,8,21.86,37.2,87.0,432500
1000064,2023-03-20,Rural,2001,1,4,4.0,1814,5303,1,1,2,1,13.46,37.3,51.5,369200
1000065,2024-10-06,Suburb,1990,1,4,2.0,3357,9482,2,1,2,3,23.56,66.7,60.7,691000
1000066,2024-01-11,Suburb,1983,0,5,2.5,2870,10087,1,2,2,4,12.24,66.9,83.1,656000
1000067,2024-11-04,Suburb,2002,0,4,2.5,1281,12975,2,1,3,7,13.78,16.8,93.0,461100
1000068,2024-03-04,Uptown,2018,0,1,1.5,2521,7637,1,1,1,1,8.93,53.2,67.3,599800
1000069,2024-08-12,Downtown,1968,0,1,3.0,3505,7926,1,1,3,3,13.94,43.2,96.2,858600
1000070,2025-02-23,Suburb,1976,0,6,2.5,958,7945,1,0,1,4,20.41,29.5,38.6,288700
1000071,2023-11-18,Downtown,1956,0,6,1.0,729,2424,1,3,3,8,10.3,48.9,55.1,367400
1000072,2023-08-07,Suburb,1995,0,4,4.5,1953,2078,1,0,4,10,18.67,24.8,32.6,559200
1000073,2025-02-12,Rural,1974,0,2,3.5,2929,1090,1,0,1,7,6.69,38.0,58.3,558900
1000074,2025-11-04,Uptown,1969,1,5,3.0,1659,10260,1,0,1,6,20.83,33.0,111.2,532900
1000075,2024-05-01,Downtown,1999,0,1,4.0,3538,6748,3,2,5,4,8.78,37.5,123.3,1009600
1000076,2025-12-29,Uptown,1975,0,3,4.0,3634,13093,1,1,4,9,21.67,43.9,83.2,968000
1000077,2023-07-22,Uptown,1979,1,2,2.0,2470,10772,1,2,2,2,14.55,29.8,64.0,650200
1000078,2025-06-16,Suburb,1977,1,1,3.0,1902,2808,1,1,5,2,27.69,68.6,73.1,417900
1000079,2025-12-19,Suburb,1962,1,5,3.0,654,2221,1,0,2,3,3.61,52.4,88.4,322900
1000080,2023-11-25,Rural,1950,1,4,2.0,3540,5999,2,2,5,3,0.71,71.9,43.6,682700
1000081,2023-06-12,Suburb,2011,1,2,2.0,3813,13878,1,0,1,5,8.45,42.6,65.4,806200
1000082,2024-12-28,Suburb,1947,0,4,1.5,2137,1491,2,0,4,10,1.54,36.8,109.6,568300
1000083,2025-08-10,Rural,1967,0,1,3.0,2411,3461,1,2,1,7,1.56,71.4,55.0,456600
1000084,2023-04-02,Downtown,1997,0,3,3.5,3288,1220,1,0,1,4,19.59,36.3,61.5,832800
1000085,2024-12-03,Downtown,1951,0,4,3.5,3073,6674,3,0,3,3,13.96,42.3,78.3,829000
1000086,2025-08-12,Downtown,1996,1,3,2.0,1000,14854,1,2,1,7,9.68,55.8,84.2,468700
1000087,2023-02-05,Suburb,2003,0,5,1.5,2988,10509,2,1,3,3,10.52,26.4,64.2,702400
1000088,2024-07-19,Suburb,1997,0,2,2.5,3922,7807,1,1,2,10,8.62,55.7,79.7,913000
1000089,2023-03-26,Downtown,1966,0,1,2.5,3278,2850,3,1,1,5,28.85,53.8,91.4,761600
1000090,2023-07-13,Suburb,1941,0,4,4.0,2278,5848,1,2,5,6,7.38,64.0,121.2,705700
1000091,2024-06-17,Downtown,2016,0,6,4.0,2436,8249,1,0,5,10,2.1,58.4,75.2,844800
1000092,2023-12-25,Suburb,1968,0,3,4.0,1461,4703,2,0,5,4,21.16,64.5,77.1,413000
1000093,2023-04-04,Suburb,2009,1,1,3.5,2945,10812,1,2,1,5,12.06,43.3,111.6,725800
1000094,2025-05-27,Uptown,1957,0,6,4.5,1393,14717,1,2,2,6,32.35,32.1,65.9,478700
1000095,2023-08-11,Uptown,1953,1,3,2.5,1765,3724,3,3,2,3,9.26,76.6,48.9,488600
1000096,2025-08-11,Suburb,2006,0,2,1.0,1481,4382,2,1,2,1,21.61,22.1,83.5,373500
1000097,2023-07-13,Uptown,2020,0,4,1.0,1741,2592,2,0,3,3,23.74,23.6,101.7,463100
1000098,2024-07-23,Downtown,2014,0,2,2.0,1857,11105,2,1,3,2,9.31,53.5,85.9,583600
1000099,2025-03-07,Downtown,2004,1,6,2.0,807,7356,2,2,3,7,7.31,69.4,75.9,485500
1000100,2024-06-10,Waterfront,1961,0,2,1.5,3155,4829,2,0,2,1,20.67,47.8,46.1,730600
1000101,2024-04-02,Waterfront,2018,1,4,4.5,2132,3912,2,1,5,4,19.17,60.0,76.7,788900
1000102,2025-04-02,Suburb,1997,0,4,1.5,4014,1801,1,0,5,9,1.3,15.1,105.1,943500
1000103,2023-01-13,Uptown,1954,0,2,4.5,1169,7561,1,2,2,6,3.84,37.5,50.8,436700
1000104,2025-06-24,Waterfront,1951,1,3,3.5,2976,10503,2,2,2,7,0.5,16.9,72.6,945400
1000105,2025-01-26,Rural,2014,0,1,3.0,1163,4137,2,1,3,7,19.36,56.7,69.5,280200
1000106,2025-04-18,Suburb,1963,0,4,3.0,2525,823,1,3,2,3,11.64,21.8,62.7,610000
1000107,2024-04-06,Suburb,2005,1,5,2.0,2316,7521,1,3,5,7,12.54,25.8,83.5,719400
1000108,2024-02-26,Uptown,1951,0,6,3.0,2160,10396,1,0,3,3,0.5,52.7,87.8,693200
1000109,2024-09-18,Downtown,1964,0,2,1.5,2923,5699,1,1,1,7,4.12,60.9,87.5,807400
1000110,2024-12-04,Waterfront,1964,0,2,4.0,3565,4355,2,2,1,7,9.7,42.6,56.5,959400
1000111,2025-10-11,Suburb,1964,0,4,2.0,1672,2991,1,0,1,9,7.95,53.6,41.8,417700
1000112,2025-07-28,Downtown,1998,0,5,2.0,3644,11395,2,1,2,10,15.06,53.1,83.8,1031000
1000113,2023-03-01,Uptown,2018,0,6,3.0,1184,13035,2,1,2,1,19.25,41.8,66.9,410800
1000114,2023-06-16,Suburb,2018,0,1,3.0,1584,11731,3,3,5,3,34.43,28.6,118.4,492700
1000115,2025-11-03,Downtown,2003,1,2,2.5,1649,8158,1,1,5,6,13.82,53.5,119.5,652100
1000116,2024-03-01,Rural,1957,0,2,3.0,4028,11083,2,2,1,4,24.04,54.2,121.8,740900
1000117,2024-09-27,Rural,2022,0,2,1.5,938,6436,2,1,5,7,6.53,58.4,57.3,283500
1000118,2023-03-04,Suburb,1986,0,3,3.0,1962,1147,2,0,3,9,0.5,49.7,90.5,531700
1000119,2023-04-25,Suburb,1986,1,6,2.0,2070,6019,1,2,2,3,10.83,27.5,97.2,638500
1000120,2024-03-24,Suburb,2000,0,1,2.0,3461,10793,1,0,3,9,0.5,55.4,94.7,818000
1000121,2025-02-25,Suburb,2006,0,5,1.5,2298,9992,2,0,3,9,14.13,45.0,70.2,602000
1000122,2025-04-26,Suburb,2021,0,4,2.0,4078,14861,1,1,1,10,6.98,37.8,106.1,944300
1000123,2025-09-07,Downtown,1990,1,4,2.0,3239,14965,1,2,5,1,0.5,40.6,78.0,975800
1000124,2023-08-04,Suburb,1992,0,5,2.5,3104,4245,2,1,1,3,29.62,34.6,80.8,657300
1000125,2023-08-10,Downtown,2004,0,1,1.5,3286,935,2,0,1,2,9.16,58.3,44.2,730500
1000126,2024-08-16,Suburb,1961,0,5,1.5,1097,4694,1,1,2,2,0.5,23.7,92.2,414600
1000127,2024-08-22,Uptown,1966,0,2,2.5,2161,13242,1,1,1,1,22.08,30.1,72.3,512700
1000128,2023-02-10,Downtown,1993,0,4,1.5,2669,12352,1,0,1,5,7.44,40.1,88.2,728200
1000129,2024-05-05,Downtown,1945,0,5,3.0,1271,2202,2,1,2,1,23.81,69.2,83.2,415400
1000130,2025-09-10,Suburb,1967,0,4,4.0,939,3077,3,0,2,3,7.4,60.8,82.0,301200
1000131,2023-06-29,Downtown,2001,0,2,2.5,1002,8802,1,1,1,10,9.13,20.4,77.0,434100
1000132,2025-06-17,Waterfront,2023,1,3,4.0,3420,10180,1,2,5,9,17.1,65.3,95.3,1098600
1000133,2024-05-05,Suburb,1984,0,3,1.0,2931,14750,1,2,5,10,19.34,65.2,73.6,713500
1000134,2024-07-28,Uptown,1974,0,1,1.0,1541,11522,1,1,4,1,20.92,27.4,46.0,434000
1000135,2024-12-04,Suburb,1977,1,5,3.0,3228,3808,2,1,3,7,13.19,10.0,90.5,752900
1000136,2025-02-12,Downtown,1998,0,1,3.5,3072,1327,1,1,5,7,18.76,43.9,60.2,858500
1000137,2024-11-29,Waterfront,1986,0,3,3.5,3521,9797,1,3,2,2,20.71,61.8,48.9,937800
1000138,2023-04-24,Suburb,1941,1,4,1.0,3868,8663,1,0,3,10,15.81,68.9,55.5,831600
1000139,2023-11-20,Rural,1986,0,1,3.5,3765,13889,1,0,1,5,12.72,31.9,84.2,658500
1000140,2025-07-15,Downtown,1974,0,6,2.0,1169,8978,2,1,4,10,0.99,71.3,75.9,582800
1000141,2023-02-14,Suburb,2000,0,3,2.0,3347,7918,2,0,1,2,19.39,11.6,31.1,651100
1000142,2025-02-22,Suburb,2015,0,1,1.5,1953,5109,2,0,4,7,14.38,39.5,69.6,471200
1000143,2024-07-24,Waterfront,2022,0,4,4.5,1991,2025,1,0,4,2,10.28,38.7,103.7,688200
1000144,2023-05-12,Suburb,1992,0,4,1.0,2894,13244,2,2,2,10,25.5,62.3,68.1,654700
1000145,2023-05-15,Suburb,1971,0,4,3.5,2728,12530,1,2,4,7,1.15,64.5,74.4,754900
1000146,2025-12-10,Uptown,1978,0,5,3.0,2053,3111,2,2,2,1,28.8,59.3,100.9,539100
1000147,2023-02-04,Uptown,1955,0,3,3.0,4199,10795,2,2,2,3,13.8,24.7,95.5,1033100
1000148,2023-01-25,Suburb,2020,1,5,3.0,1147,5971,1,1,3,4,16.86,57.9,100.5,459400
1000149,2023-01-19,Suburb,2012,1,3,3.5,858,7006,2,3,2,1,10.44,52.6,30.0,293800
1000150,2024-11-19,Downtown,2013,1,4,1.5,607,12851,1,2,4,1,0.5,19.9,116.1,517400
1000151,2025-10-12,Rural,1968,0,1,1.0,3513,12757,2,2,2,10,12.74,14.0,92.0,679500
1000152,2023-07-08,Rural,1967,0,4,3.0,2004,3507,1,2,3,10,17.01,60.6,132.2,511900
1000153,2025-05-22,Downtown,2013,0,2,2.0,2118,5168,1,1,5,6,20.09,42.3,60.8,609400
1000154,2025-02-27,Suburb,1986,0,5,1.5,2902,12464,1,1,2,10,12.22,25.7,39.2,687200
1000155,2023-09-09,Downtown,2000,1,5,1.5,2111,13822,1,1,3,7,0.5,41.9,78.2,689400
1000156,2023-03-19,Suburb,1982,0,6,2.0,2624,1922,1,0,5,1,0.5,50.5,71.9,647700
1000157,2024-06-18,Uptown,1978,0,6,1.0,716,12637,1,1,2,8,32.47,43.8,92.4,295900
1000158,2023-03-30,Suburb,1994,1,1,1.0,1078,7747,2,0,1,1,4.17,21.7,101.6,382800
1000159,2023-05-05,Suburb,2009,0,1,4.0,3949,9183,1,0,2,9,26.84,73.3,76.1,847400
1000160,2024-05-26,Rural,1968,0,6,2.0,2168,1869,1,3,5,4,5.59,60.1,72.7,535100
1000161,2025-06-12,Downtown,2009,0,3,4.5,1119,10461,3,2,4,2,12.36,40.0,89.5,512000
1000162,2025-12-25,Waterfront,1961,0,1,4.5,1867,10426,3,2,5,3,19.63,40.6,72.4,630000
1000163,2024-11-19,Uptown,1974,1,2,1.5,1739,10211,1,1,2,7,6.62,50.4,70.5,510400
1000164,2023-10-31,Downtown,2018,0,6,3.0,1514,12027,1,2,5,9,28.33,28.1,100.8,695500
1000165,2023-12-26,Suburb,2022,1,3,3.0,1586,14234,2,2,2,6,14.68,49.8,105.7,511200
1000166,2024-11-02,Uptown,2019,1,1,3.0,3199,12868,2,2,4,2,18.15,25.0,101.8,781200
1000167,2023-07-09,Rural,1967,1,5,1.0,895,11376,1,2,5,10,11.59,43.9,74.3,387200
1000168,2024-07-22,Rural,2012,0,2,1.5,1646,14734,2,1,2,8,19.93,27.5,30.9,388900
1000169,2025-04-22,Uptown,2020,0,3,1.0,2231,10379,1,1,5,5,28.21,28.2,74.7,628600
1000170,2025-07-11,Waterfront,2024,1,1,3.0,2499,10343,1,2,4,6,12.82,69.7,61.3,823700
1000171,2023-03-06,Uptown,1941,0,4,4.5,3758,8497,2,3,4,10,29.57,45.9,75.1,980600
1000172,2023-11-13,Suburb,2004,0,3,3.0,3916,11721,2,1,4,4,8.5,48.1,63.2,869600
1000173,2023-10-07,Uptown,2025,0,6,3.0,1600,1813,2,1,1,1,20.88,14.8,77.5,427700
1000174,2024-08-31,Waterfront,2005,0,3,4.5,2495,7982,1,1,4,2,18.4,36.0,55.1,775400
1000175,2023-07-23,Downtown,1960,1,2,3.0,582,6839,1,1,2,7,4.38,51.9,49.8,355200
1000176,2025-11-07,Downtown,2005,1,1,1.0,2783,13761,1,3,2,10,15.92,47.9,104.9,822900
1000177,2025-10-02,Suburb,1949,0,2,4.0,1065,1830,1,2,1,8,14.07,12.7,56.7,343700
1000178,2023-12-31,Waterfront,1981,0,3,2.0,771,9942,1,1,1,7,6.32,48.1,78.0,384300
1000179,2024-03-22,Rural,1993,1,1,1.0,2986,3417,1,1,5,4,17.22,50.5,99.0,546000
1000180,2024-04-26,Rural,1979,0,3,2.5,1159,13347,1,1,2,5,15.32,64.3,98.1,380100
1000181,2023-02-16,Rural,2000,0,6,4.0,2266,12897,2,0,2,1,13.35,35.2,95.5,583000
1000182,2025-09-01,Rural,1960,1,5,2.0,873,4143,1,1,3,4,13.38,11.4,84.7,316100
1000183,2025-05-04,Suburb,1992,0,4,2.5,3259,13179,1,2,4,7,13.19,30.0,93.9,820200
1000184,2023-12-31,Uptown,1995,0,6,1.5,3330,7854,2,2,3,10,10.69,28.5,108.2,900200
1000185,2024-08-22,Rural,1994,0,5,1.0,2627,14589,1,0,3,10,15.26,56.1,87.4,587500
1000186,2024-02-22,Suburb,1964,0,4,1.0,3593,11164,2,2,5,9,8.2,10.0,37.6,870000
1000187,2023-09-08,Uptown,1966,0,6,3.0,2116,1289,1,2,3,1,37.91,38.3,66.4,485100
1000188,2023-11-30,Downtown,1962,0,1,4.0,1190,3678,1,1,4,9,1.32,66.4,93.3,531000
1000189,2023-04-28,Rural,1979,0,5,1.5,1060,6531,2,2,5,3,8.74,45.1,64.2,342500
1000190,2025-06-06,Uptown,1990,0,2,2.0,1311,3801,2,2,4,7,9.45,58.4,113.6,494400
1000191,2024-12-18,Waterfront,1971,1,5,1.5,1241,2680,2,2,1,10,32.36,20.4,76.6,524300
1000192,2025-10-16,Uptown,1975,1,6,1.0,1696,14689,2,0,2,9,2.12,21.0,79.9,670300
1000193,2023-01-08,Downtown,1964,0,3,2.5,1293,13141,1,0,4,7,17.83,66.6,102.7,507900
1000194,2024-11-22,Rural,1958,0,1,3.0,2687,6971,2,1,3,3,16.24,46.5,74.0,523700
1000195,2024-09-06,Downtown,1996,0,3,3.0,1049,3853,2,0,2,6,17.0,46.5,81.9,403600
1000196,2024-11-14,Downtown,2010,0,3,2.0,2801,3381,3,1,2,8,25.13,28.2,97.8,743200
1000197,2025-12-20,Suburb,1965,0,6,2.5,1736,13804,1,2,1,6,24.94,46.5,45.6,468500
1000198,2024-03-03,Rural,2014,1,6,1.0,3041,5507,1,0,2,5,9.94,27.8,71.7,631900
1000199,2023-06-04,Downtown,1989,1,4,1.5,2398,978,2,1,4,5,15.75,62.8,96.2,714200
1000200,2023-01-14,Uptown,1954,0,6,4.0,3850,6443,1,3,1,6,0.5,85.9,79.4,969500
1000201,2024-06-23,Rural,1971,1,3,3.5,2127,7252,1,1,5,1,14.89,52.3,110.3,499300
1000202,2023-07-10,Waterfront,1940,1,3,4.0,1591,9648,1,1,2,10,6.85,35.5,43.3,634100
1000203,2023-06-04,Suburb,1943,0,6,4.0,2680,5609,1,1,5,2,12.32,10.0,40.8,653600
1000204,2023-06-11,Downtown,1968,0,5,3.0,2938,13907,1,0,2,10,0.5,19.7,94.9,955400
1000205,2023-10-31,Downtown,1979,0,4,4.0,2125,9938,1,0,5,1,17.64,68.3,97.0,690100
1000206,2023-05-08,Uptown,2008,1,3,2.5,2571,14810,1,2,3,6,0.5,29.6,73.7,803200
1000207,2024-06-16,Downtown,1951,0,5,1.0,2242,6012,1,1,5,5,15.33,39.4,86.8,670800
1000208,2024-12-17,Suburb,2012,0,5,1.0,1631,10054,2,1,1,6,2.96,54.8,94.4,480300
1000209,2023-11-14,Downtown,1960,1,3,1.5,1660,5988,1,0,4,5,6.35,67.2,60.1,578100
1000210,2023-05-30,Suburb,1951,0,1,1.0,3858,10739,1,2,2,9,24.39,42.0,62.4,763300
1000211,2024-09-19,Suburb,2000,1,1,2.0,2999,11389,1,0,2,1,19.29,38.9,82.2,639400
1000212,2023-04-04,Suburb,2006,0,1,3.0,853,5370,1,2,1,10,24.34,46.1,97.9,305000
1000213,2025-03-19,Downtown,1992,1,3,3.5,4060,14115,3,1,5,7,28.04,35.6,52.3,1092800
1000214,2024-02-24,Rural,1949,1,4,3.0,3135,12972,2,2,4,8,7.04,36.4,73.6,728200
1000215,2024-03-25,Suburb,1949,0,5,1.5,685,13502,1,1,5,2,27.49,51.2,72.6,313200
1000216,2023-09-30,Suburb,1973,0,2,3.5,3193,3892,1,0,3,1,0.81,47.8,87.2,721400
1000217,2023-11-06,Downtown,1978,0,5,2.0,2682,10994,1,1,1,4,20.71,77.0,77.8,693900
1000218,2023-06-09,Downtown,2025,0,4,1.0,3887,2310,1,2,2,4,9.56,51.6,66.0,1006500
1000219,2024-09-03,Waterfront,1964,0,1,2.0,2311,2298,1,0,3,8,5.63,62.3,105.5,749900
1000220,2023-06-10,Uptown,1956,1,3,2.0,2419,14621,1,1,1,9,19.53,28.9,66.1,646400
1000221,2025-01-15,Uptown,2021,0,2,2.0,1664,2971,1,1,5,5,22.5,52.9,71.6,498300
1000222,2023-10-08,Suburb,1953,0,6,3.5,1690,13071,2,0,5,8,22.24,34.2,43.0,499600
1000223,2024-09-11,Suburb,1942,0,6,3.5,2786,6917,1,2,3,1,15.93,50.9,62.3,699800
1000224,2024-08-11,Waterfront,1976,0,5,3.0,3563,5112,1,0,3,8,15.19,55.3,89.4,1084300
1000225,2024-11-25,Uptown,1974,0,4,1.5,3796,1843,1,1,4,1,18.74,45.7,85.1,831200
1000226,2025-04-10,Waterfront,1993,0,3,3.5,3352,10388,1,0,4,7,16.73,81.1,91.2,1008700
1000227,2024-09-06,Downtown,2015,0,2,3.0,2756,11043,1,1,1,4,18.87,66.4,90.1,757600
1000228,2025-07-23,Suburb,2020,1,5,1.5,2351,7432,1,1,3,5,15.84,62.7,123.9,707800
1000229,2023-10-11,Suburb,1964,0,1,3.0,1756,12302,1,1,4,3,21.59,56.5,61.5,413700
1000230,2025-04-03,Downtown,2024,0,2,2.5,3341,5388,1,1,5,5,0.5,71.5,42.4,920000
1000231,2024-01-11,Downtown,1994,1,1,2.5,1677,8634,2,3,3,9,12.82,23.4,54.9,583600
1000232,2024-11-19,Suburb,1945,0,3,1.5,1491,4872,2,1,5,9,1.55,65.6,62.5,426600
1000233,2024-06-23,Waterfront,2020,0,2,2.5,3711,9068,1,2,3,4,16.49,30.1,56.6,1008300
1000234,2025-09-21,Suburb,1951,0,2,1.0,2681,2731,1,1,2,3,28.78,36.5,80.1,524700
1000235,2023-10-25,Waterfront,1990,1,3,1.5,1810,7562,2,1,3,6,9.73,53.4,105.6,652800
1000236,2024-07-23,Rural,2008,0,6,1.5,3702,8600,2,0,4,7,15.15,63.5,111.9,750900
1000237,2023-06-30,Suburb,1961,1,4,4.5,4062,8703,1,1,5,2,20.81,27.7,89.1,958000
1000238,2024-11-25,Rural,1963,0,5,2.0,1676,7142,1,2,2,8,0.5,37.3,125.1,498300
1000239,2023-02-10,Downtown,1980,0,6,2.0,2429,9939,1,2,2,10,9.3,46.5,70.2,764900
1000240,2024-03-27,Downtown,2016,0,6,2.0,2289,8073,2,2,4,9,17.28,42.2,42.1,713100
1000241,2023-01-11,Rural,1959,0,3,4.0,3096,4822,1,2,4,6,0.5,57.8,101.2,678100
1000242,2023-12-25,Rural,1997,0,6,2.5,4019,3858,1,0,2,4,5.21,90.0,37.6,714000
1000243,2024-06-14,Uptown,1978,0,6,4.0,2530,9998,1,0,4,4,23.91,51.3,61.4,714000
1000244,2023-12-30,Suburb,1949,1,6,2.0,3454,14129,1,2,1,8,23.03,34.0,89.4,831400
1000245,2024-02-27,Suburb,2001,0,3,1.5,2704,11496,1,0,2,5,17.37,25.6,75.7,578400
1000246,2023-06-12,Rural,2011,0,2,2.5,3782,9868,2,0,5,2,21.94,40.1,73.8,663600
1000247,2025-02-22,Suburb,1989,0,4,2.0,1997,13886,1,3,3,7,15.94,30.9,52.0,549700
1000248,2025-05-23,Suburb,1955,0,6,3.5,1925,13575,1,3,5,2,19.0,52.0,77.8,609700
1000249,2024-05-13,Uptown,1953,0,6,4.0,2063,7992,1,2,2,10,11.16,51.8,100.1,732300
1000250,2023-03-02,Suburb,1976,0,4,2.5,4188,2351,2,1,2,5,15.04,38.1,78.4,914100
1000251,2023-03-10,Suburb,1983,0,1,4.5,2762,9807,1,2,5,4,8.31,74.8,59.7,670500
1000252,2025-01-09,Rural,1987,0,3,2.5,1064,9645,1,0,5,1,25.37,34.0,50.6,282400
1000253,2025-10-15,Suburb,1960,1,5,2.0,651,4738,1,1,5,2,27.69,43.2,60.2,233500
1000254,2025-08-05,Uptown,1983,1,4,2.5,2419,12863,2,1,2,10,26.42,54.6,86.6,692400
1000255,2024-03-20,Uptown,1965,0,3,1.0,3481,13154,2,3,5,6,10.33,58.4,85.6,863500
1000256,2024-06-29,Rural,1999,0,3,3.5,2273,5499,2,3,3,10,5.42,64.2,60.4,526400
1000257,2023-06-28,Rural,2008,0,1,1.5,2573,7571,2,2,5,10,25.49,51.4,30.0,551100
1000258,2023-03-18,Downtown,1996,1,2,2.0,3454,3571,1,0,5,1,18.9,60.8,87.2,876900
1000259,2025-04-19,Downtown,1940,1,5,2.5,2410,3332,1,1,3,4,16.96,35.0,58.3,678600
1000260,2024-04-14,Suburb,2025,1,2,1.0,3862,4563,1,1,2,9,8.3,58.8,93.2,855700
1000261,2024-06-28,Downtown,1942,0,6,1.0,2860,5994,2,2,5,5,17.83,58.6,61.4,781900
1000262,2024-01-12,Rural,2025,0,1,3.0,3205,4675,2,0,3,6,4.23,67.7,56.3,570700
1000263,2023-12-10,Uptown,1942,0,4,1.0,3392,2953,1,0,3,6,19.71,20.0,81.4,841000
1000264,2025-12-16,Downtown,1984,0,3,2.5,2819,7150,2,2,4,8,26.41,31.4,129.9,871800
1000265,2025-06-13,Waterfront,1949,0,5,2.0,685,9655,1,1,5,10,28.68,57.3,94.5,443300
1000266,2025-01-27,Downtown,1948,0,6,2.0,2081,5429,1,2,1,9,20.38,10.0,81.0,659200
1000267,2024-03-02,Uptown,1998,1,4,1.5,1023,8376,1,0,5,7,1.56,52.4,85.9,467600
1000268,2025-03-01,Downtown,2002,0,4,3.5,2388,4652,2,2,3,6,15.78,60.9,39.5,718200
1000269,2024-01-07,Downtown,1950,0,5,4.5,1029,10795,2,0,1,4,33.26,36.4,53.3,382400
1000270,2024-07-19,Downtown,2023,1,4,1.5,2384,10009,1,0,2,2,6.18,38.5,30.0,585100
1000271,2023-06-08,Downtown,1967,0,2,4.5,1772,14433,3,1,3,8,13.47,28.9,116.1,748700
1000272,2025-02-16,Downtown,1967,0,3,3.0,575,1553,2,1,4,1,26.72,37.2,111.6,310100
1000273,2023-03-08,Downtown,1965,0,2,3.0,962,12915,2,2,3,7,19.55,37.6,86.6,448200
1000274,2025-03-02,Suburb,1979,1,3,3.0,2361,5633,2,0,1,5,36.32,34.8,81.0,543600
1000275,2024-10-23,Suburb,1955,0,4,3.0,791,1737,1,0,3,8,7.4,33.9,43.9,323700
1000276,2023-03-14,Uptown,1976,0,2,3.5,3667,10595,2,2,2,10,5.09,40.9,73.2,953400
1000277,2024-07-08,Uptown,1958,0,2,2.5,3307,3238,2,0,2,6,25.02,40.8,117.4,762400
1000278,2023-09-01,Suburb,1944,0,5,2.5,3125,3297,2,2,4,6,3.24,73.1,80.9,729300
1000279,2024-06-05,Rural,1971,0,3,2.0,1137,14712,1,2,5,5,12.23,39.1,65.6,358800
1000280,2023-01-15,Rural,1997,0,2,1.5,3444,3937,2,0,1,4,13.41,50.2,39.3,593400
1000281,2025-03-02,Downtown,2005,0,5,3.0,2848,8570,3,2,4,1,23.32,36.3,108.4,824000
1000282,2024-07-12,Downtown,1970,1,5,1.0,1945,3649,1,1,3,1,19.53,36.2,76.5,555200
1000283,2024-02-02,Uptown,1967,0,5,2.0,501,2560,3,1,2,8,18.11,19.4,39.4,287300
1000284,2025-08-17,Uptown,2007,0,5,1.0,2457,813,1,0,4,10,10.38,21.4,57.7,653700
1000285,2024-12-07,Suburb,1998,0,6,1.5,3445,1027,1,2,2,1,24.94,26.9,49.9,682900
1000286,2024-10-30,Suburb,2011,1,4,3.0,623,7527,1,2,4,4,45.0,47.8,75.1,249400
1000287,2023-06-11,Downtown,2017,0,2,3.0,694,6963,2,1,3,7,20.22,61.1,82.6,343000
1000288,2024-07-02,Uptown,2010,0,6,2.5,1917,1353,2,3,1,8,14.9,18.2,66.9,548300
1000289,2025-02-06,Suburb,2020,1,2,1.0,2393,5764,1,1,4,8,2.32,36.8,95.1,630400
1000290,2025-10-11,Downtown,1975,0,2,2.5,2255,4676,2,2,5,7,8.26,24.5,79.7,722800
1000291,2024-10-24,Rural,1973,0,5,2.0,2077,8913,1,2,3,1,12.08,41.0,101.4,491300
1000292,2023-07-08,Downtown,1967,0,6,3.0,1444,14927,1,3,4,3,9.19,61.1,70.1,632100
1000293,2025-01-13,Waterfront,1960,0,3,2.5,721,10621,2,3,1,5,13.86,38.3,145.0,525600
1000294,2023-03-23,Downtown,2004,0,5,2.5,615,13842,2,3,2,1,30.0,44.3,65.6,353500
1000295,2023-12-09,Rural,2001,1,6,2.5,865,3529,2,0,2,4,25.22,66.8,58.1,273200
1000296,2025-10-02,Waterfront,2008,0,5,4.5,3055,3854,2,2,4,4,12.57,51.9,55.4,944200
1000297,2025-05-28,Waterfront,1954,0,1,3.5,3408,11462,3,2,2,10,3.13,33.6,73.4,1023900
1000298,2025-09-16,Rural,1982,0,4,2.5,2110,5202,1,2,4,4,26.04,47.4,40.2,416500
1000299,2024-01-22,Rural,1959,0,2,2.5,786,12853,1,1,2,10,13.56,32.6,84.5,309800
1000300,2025-01-18,Suburb,2016,0,6,1.0,2038,7385,1,3,4,8,0.5,51.3,36.1,600300
1000301,2025-02-06,Rural,1962,0,1,4.0,4147,3651,2,0,2,7,20.41,52.7,81.6,733600
1000302,2023-09-27,Downtown,1952,0,6,2.0,1425,12791,2,1,3,9,23.23,24.5,48.3,524400
1000303,2025-10-30,Suburb,1989,0,2,2.0,2317,8617,2,1,1,9,0.5,47.6,69.6,600000
1000304,2025-11-28,Suburb,2015,0,3,4.5,2490,12198,1,0,4,3,6.58,43.2,91.3,707700
1000305,2023-05-01,Rural,2018,0,2,3.0,1721,7222,1,2,1,5,13.01,53.2,128.7,455500
1000306,2025-04-18,Suburb,1948,0,5,1.0,2121,2592,2,0,5,6,20.61,57.5,54.3,494300
1000307,2024-05-05,Uptown,1968,0,3,1.0,2245,10471,3,2,5,10,9.36,52.2,74.7,641100
1000308,2025-01-08,Suburb,1953,0,5,1.0,2254,2567,1,2,3,1,6.51,40.5,62.1,517000
1000309,2024-08-30,Uptown,1966,0,1,3.0,3156,10219,1,1,5,5,20.54,59.0,58.9,728900
1000310,2023-09-02,Downtown,1985,0,3,1.0,2649,6718,1,2,5,3,9.79,31.9,62.3,745000
1000311,2023-04-16,Suburb,1964,0,6,4.0,697,12040,1,0,1,3,18.88,25.2,96.1,358300
1000312,2024-07-16,Suburb,1945,0,6,4.0,523,13156,1,2,4,8,4.0,10.0,67.3,377000
1000313,2025-07-06,Uptown,1983,0,2,2.5,2019,6585,1,3,2,3,1.83,43.9,127.5,621600
1000314,2025-06-20,Uptown,1944,0,3,3.0,3859,13326,2,0,5,8,20.8,32.7,87.2,968400
1000315,2023-10-29,Uptown,1959,1,3,2.0,636,2374,1,2,5,10,16.27,51.0,55.8,314500
1000316,2025-07-31,Uptown,1940,0,4,1.0,763,2324,1,1,5,8,22.3,15.4,69.9,339800
1000317,2024-01-26,Uptown,1947,0,4,3.0,3013,14909,1,1,3,2,9.21,35.3,60.4,774300
1000318,2024-09-07,Suburb,1977,0,1,1.5,2168,8955,2,2,1,2,6.84,52.1,95.6,493600
1000319,2023-12-22,Uptown,2013,0,5,1.0,1353,7200,1,1,1,5,26.25,29.6,41.9,367000
1000320,2024-07-26,Waterfront,2006,0,2,2.0,1267,3010,1,2,1,6,0.5,51.1,48.5,474100
1000321,2024-08-03,Waterfront,1948,1,2,1.0,2961,4904,1,1,5,8,25.26,36.6,65.0,814700
1000322,2025-02-03,Suburb,1942,0,6,2.5,2438,10543,2,1,3,5,25.88,44.5,93.0,613900
1000323,2024-06-01,Uptown,1969,0,5,3.0,2862,12469,2,2,2,2,21.74,53.9,105.1,770700
1000324,2024-08-01,Suburb,1996,0,3,3.5,1537,13814,1,0,3,10,7.81,59.3,108.4,514700
1000325,2024-12-14,Rural,2004,0,6,3.0,2448,6590,1,2,1,10,6.65,46.4,89.7,543400
1000326,2024-04-02,Suburb,2010,0,3,3.5,3682,7258,1,0,3,7,12.11,32.8,76.2,791700
1000327,2024-07-28,Rural,1969,0,4,2.5,1671,3118,2,2,3,7,2.34,38.1,95.5,442300
1000328,2023-04-04,Suburb,1954,0,2,3.5,1966,1979,2,2,4,10,5.34,54.6,52.8,502900
1000329,2025-08-11,Suburb,1942,1,2,2.5,1106,7017,1,1,1,5,19.8,29.7,37.4,293500
1000330,2023-05-19,Uptown,1952,0,3,2.0,2864,9025,1,1,5,2,19.84,42.3,87.6,762200
1000331,2025-08-14,Suburb,1945,0,4,4.0,620,2281,2,1,1,7,4.55,39.2,55.9,265100
1000332,2025-04-13,Downtown,2014,1,5,2.0,1421,6601,2,3,3,5,20.09,43.4,76.6,539600
1000333,2025-11-04,Suburb,1963,0,3,1.0,3139,9910,1,1,2,8,18.09,29.9,80.6,747700
1000334,2023-01-28,Rural,2010,0,6,2.0,571,12315,1,1,4,8,27.59,17.2,83.5,296900
1000335,2023-08-27,Downtown,1987,0,4,2.0,4160,14127,1,2,4,5,19.12,52.8,98.6,1094800
1000336,2023-02-27,Suburb,1986,0,1,2.0,1995,5633,2,1,1,4,23.53,59.5,96.3,433200
1000337,2024-04-02,Downtown,1979,0,5,2.5,1975,6362,2,1,3,5,18.29,18.1,82.3,650300
1000338,2025-09-18,Suburb,2010,0,4,4.0,2485,13224,2,1,3,7,22.82,50.5,68.3,676100
1000339,2025-04-19,Downtown,1943,0,3,2.0,2865,10645,2,0,3,7,2.42,61.2,80.4,809400
1000340,2025-02-10,Waterfront,1947,0,3,2.5,2200,4686,1,2,1,6,12.9,53.9,64.9,649500
1000341,2025-07-18,Downtown,1976,0,2,2.0,3772,10529,1,2,1,6,13.65,38.7,73.7,911600
1000342,2023-01-05,Waterfront,1973,0,4,3.5,4060,3036,1,3,3,10,11.81,30.8,135.6,1269400
1000343,2025-05-13,Rural,1986,0,4,1.5,1241,7176,2,2,2,3,17.99,46.2,82.0,278200
1000344,2023-12-08,Suburb,2003,1,3,1.5,3116,5152,2,1,3,2,19.71,48.7,87.9,669300
1000345,2025-01-27,Rural,1990,0,2,2.5,1613,14896,1,1,1,8,17.53,46.4,62.5,349100
1000346,2025-04-16,Rural,1962,0,3,3.0,4184,1295,1,2,4,10,12.41,42.3,100.4,834800
1000347,2025-01-21,Waterfront,1968,0,3,3.5,1437,12966,2,3,1,7,7.38,28.8,94.7,630700
1000348,2024-04-02,Uptown,2004,0,3,3.0,1592,4793,2,2,4,5,23.87,51.3,94.9,511400
1000349,2024-11-01,Suburb,1957,0,2,3.5,3143,1314,2,1,5,4,17.15,52.1,82.7,660300
1000350,2024-05-28,Downtown,1983,0,4,2.0,3420,10174,1,2,2,5,4.83,48.0,100.8,968000
1000351,2024-11-19,Suburb,1986,0,2,1.0,975,10428,2,2,1,1,12.26,46.7,106.0,284500
1000352,2024-05-17,Downtown,2004,1,4,1.5,2556,2820,2,3,1,6,0.5,70.2,84.2,759600
1000353,2024-03-07,Suburb,2001,0,1,1.0,1779,1344,2,2,2,3,14.32,35.6,75.5,458300
1000354,2023-08-10,Suburb,1979,0,3,2.0,2764,2381,2,1,1,3,12.21,64.2,97.7,627200
1000355,2024-02-29,Suburb,1966,1,5,2.5,2560,6606,2,1,5,6,8.83,34.0,58.1,673500
1000356,2025-03-01,Suburb,1971,1,5,2.0,4148,2680,2,1,5,10,28.26,61.6,62.2,965600
1000357,2025-08-11,Rural,1975,0,5,2.5,3955,10783,2,1,5,3,3.59,63.5,76.8,756000
1000358,2023-04-23,Rural,1958,0,5,2.5,2920,1901,1,3,5,10,20.36,40.6,39.7,621300
1000359,2023-07-20,Suburb,1993,0,1,3.0,3014,12003,1,1,3,6,33.68,69.9,96.2,607700
1000360,2024-07-09,Suburb,1957,0,3,3.0,3826,13220,2,1,2,10,23.7,52.0,56.8,809600
1000361,2025-02-09,Waterfront,1995,0,4,2.0,1179,10980,2,1,3,4,13.72,31.8,67.6,465000
1000362,2023-07-06,Downtown,2004,1,5,2.0,3186,14207,1,2,2,10,3.79,39.4,73.3,990100
1000363,2023-12-23,Downtown,2022,1,4,3.0,3357,14138,1,1,5,7,1.74,62.0,78.9,1037400
1000364,2023-02-20,Downtown,1950,0,6,3.0,971,1461,2,0,3,7,10.3,58.8,70.4,430900
1000365,2023-02-27,Suburb,2005,0,2,2.0,3761,5656,2,2,2,6,7.82,29.1,76.5,842500
1000366,2023-06-06,Suburb,1947,1,1,2.0,3088,11593,3,1,4,5,7.52,42.9,76.7,710200
1000367,2025-03-10,Rural,1969,1,1,3.0,1784,5623,1,1,2,6,11.06,48.1,68.2,408500
1000368,2025-08-10,Suburb,1955,0,4,3.0,2292,11268,2,0,2,9,13.08,37.4,61.0,609300
1000369,2024-06-30,Uptown,1953,0,4,1.5,2312,11795,2,1,2,8,18.37,80.4,101.8,598100
1000370,2023-07-13,Rural,1955,1,2,2.5,3900,14957,1,2,1,1,2.86,48.5,31.7,680000
1000371,2025-10-06,Rural,1943,0,5,4.0,4087,5484,1,2,1,7,7.86,44.1,73.5,789100
1000372,2023-11-02,Uptown,2010,0,5,1.0,3486,5740,3,0,3,9,12.56,62.9,67.7,855600
1000373,2023-06-19,Uptown,1945,1,3,3.5,2913,1144,1,3,5,8,12.24,39.5,87.2,860200
1000374,2023-06-01,Uptown,1974,1,2,1.5,885,4854,2,2,2,5,30.53,60.1,46.0,245000
1000375,2024-01-22,Downtown,2000,1,5,2.5,3885,4783,2,1,4,4,16.09,20.0,67.0,1030200
1000376,2025-03-17,Downtown,2025,1,5,2.5,995,7234,2,0,2,7,0.5,38.2,75.7,486900
1000377,2024-03-11,Waterfront,2013,0,2,1.0,1117,6781,1,1,2,7,17.76,60.7,101.5,447400
1000378,2024-05-03,Suburb,1951,0,2,4.0,757,12964,2,2,1,4,18.91,68.6,85.3,294000
1000379,2024-01-08,Uptown,2024,0,3,2.5,4007,11788,1,1,3,5,12.87,33.4,52.0,933900
1000380,2025-10-31,Suburb,1996,0,4,4.5,2325,11146,2,1,4,4,3.08,31.7,67.3,656300
1000381,2025-01-19,Suburb,1955,0,1,2.0,1373,874,1,2,2,1,29.82,53.5,97.5,320500
1000382,2024-12-29,Waterfront,1978,0,6,4.0,798,7497,2,2,3,1,4.37,35.7,51.6,457600
1000383,2024-04-24,Rural,2018,0,3,4.0,2024,11161,2,2,3,1,19.95,41.0,76.3,439100
1000384,2024-08-05,Suburb,1973,0,3,2.5,3178,4273,1,2,2,5,15.8,58.1,77.8,701800
1000385,2025-08-27,Uptown,1955,0,1,1.5,4180,6833,1,0,4,6,19.41,36.8,69.5,830700
1000386,2024-12-20,Waterfront,2015,0,6,3.0,2544,11124,2,2,3,5,29.36,15.5,137.3,895300
1000387,2025-06-10,Suburb,2021,0,2,2.5,2746,12083,1,1,1,10,19.05,25.5,68.9,614300
1000388,2023-02-14,Waterfront,2023,0,6,4.0,3593,12935,1,0,3,3,8.97,45.1,87.9,1154500
1000389,2025-07-31,Downtown,2022,1,3,2.5,3837,6903,1,3,2,4,23.95,17.0,61.1,966300
1000390,2025-11-07,Rural,2015,0,6,2.0,1535,6479,3,0,4,3,8.32,40.5,89.6,406900
1000391,2025-01-02,Suburb,1979,0,2,1.5,4171,6234,2,0,2,3,15.47,24.1,97.2,840600
1000392,2025-11-14,Downtown,1956,0,1,3.0,2421,10294,1,2,5,6,2.36,69.6,65.1,724000
1000393,2024-09-14,Suburb,1993,0,5,4.5,3942,6758,3,1,4,4,4.7,77.5,76.8,903900
1000394,2023-10-30,Suburb,1958,0,5,1.0,934,6483,1,0,1,4,14.46,29.1,58.3,289700
1000395,2024-10-26,Downtown,1980,0,4,3.5,860,3189,1,2,3,7,17.31,48.9,52.8,374900
1000396,2024-11-19,Suburb,1996,0,1,4.0,3773,7595,1,2,5,9,0.5,30.6,100.8,918400
1000397,2023-06-08,Rural,2021,0,6,1.0,2989,4169,1,2,2,3,18.48,40.4,65.8,540700
1000398,2023-08-10,Uptown,1964,0,3,1.5,1147,8254,1,0,4,2,6.63,72.1,30.0,308500
1000399,2023-11-16,Suburb,1961,0,6,3.0,3812,13419,2,1,4,3,25.52,38.0,116.8,895400
1000400,2024-08-23,Suburb,2003,0,6,3.0,878,11816,1,2,4,6,10.83,40.7,60.4,416700
1000401,2023-06-12,Uptown,1940,0,6,1.0,3025,7588,2,0,1,10,3.89,30.9,72.6,760100
1000402,2025-04-24,Waterfront,1988,0,5,3.5,1258,14681,1,0,2,2,14.68,62.2,114.1,593500
1000403,2023-04-30,Rural,2004,1,5,2.5,761,14720,1,0,2,1,5.75,10.0,74.9,338800
1000404,2025-10-27,Downtown,1987,0,4,4.0,3483,7110,1,1,2,6,25.42,38.4,74.4,935700
1000405,2025-01-10,Waterfront,1973,0,1,4.0,3636,11642,2,0,5,10,14.0,44.3,51.0,1056300
1000406,2024-01-07,Rural,2011,0,3,3.5,891,5661,2,2,1,6,12.63,35.1,42.0,283600
1000407,2024-02-13,Uptown,1971,0,5,2.5,844,13277,1,3,3,10,19.33,58.0,74.3,476400
1000408,2025-01-30,Rural,2001,0,5,2.0,2773,6105,1,0,5,7,4.96,63.0,86.0,600900
1000409,2023-04-08,Downtown,1979,1,4,2.5,606,4467,1,2,5,1,2.4,23.8,84.7,399600
1000410,2025-02-24,Waterfront,1942,1,5,1.5,3261,2701,2,0,4,5,17.68,76.4,67.4,874600
1000411,2024-08-28,Suburb,1985,0,1,3.0,3888,12766,1,0,5,8,4.1,23.7,78.4,940800
1000412,2023-08-31,Suburb,1944,0,3,1.5,3279,5016,2,2,3,6,4.1,64.3,37.6,744600
1000413,2025-09-10,Downtown,2020,1,4,2.5,1353,12349,1,1,4,2,21.53,47.2,88.1,507600
1000414,2024-11-20,Rural,1991,0,6,1.0,1203,2027,1,3,3,2,18.73,37.4,81.6,304400
1000415,2023-06-29,Downtown,1971,0,2,2.0,3018,7913,2,1,1,7,2.72,38.9,121.4,861300
1000416,2024-12-19,Uptown,1981,0,2,2.0,728,6876,1,0,1,5,8.43,44.5,78.2,321300
1000417,2024-03-26,Downtown,1993,0,3,3.0,2490,7031,1,1,5,6,5.87,48.1,57.3,722500
1000418,2025-04-17,Rural,1962,0,2,3.5,2161,3176,3,0,1,4,29.99,31.2,76.9,345500
1000419,2024-06-23,Downtown,1964,0,4,1.0,3255,1848,1,2,2,4,22.15,41.5,70.8,844300
1000420,2025-12-31,Waterfront,1976,1,4,3.5,1249,5719,1,2,4,7,10.21,33.4,87.6,630800
1000421,2025-10-13,Suburb,1962,0,5,4.0,3321,7477,1,1,3,1,19.19,26.8,78.6,771400
1000422,2023-02-14,Downtown,2005,0,6,2.0,3088,12069,1,1,3,5,1.79,32.7,50.3,898600
1000423,2024-03-26,Downtown,1948,0,1,3.0,1383,7367,2,2,5,4,7.95,27.8,42.0,496900
1000424,2023-08-10,Downtown,2011,0,2,2.5,1820,4292,1,2,4,8,14.94,38.7,83.8,568800
1000425,2024-05-08,Suburb,1969,0,2,1.5,744,4527,3,0,5,8,18.07,51.5,108.4,289700
1000426,2023-06-09,Rural,1988,0,2,2.5,2163,9489,2,0,4,5,13.12,46.8,79.7,468700
1000427,2024-08-10,Uptown,1953,0,5,1.0,1464,6986,3,0,5,3,16.23,74.6,95.9,410200
1000428,2023-06-19,Rural,1973,0,1,4.0,920,13597,2,1,4,3,14.71,11.8,100.3,322500
1000429,2024-11-13,Downtown,2004,0,1,4.0,2572,7045,2,1,3,3,12.53,52.0,83.9,717000
1000430,2024-05-12,Rural,1963,0,6,3.5,2600,8850,2,0,5,3,11.33,45.1,60.1,563700
1000431,2025-12-24,Waterfront,1951,0,6,2.5,818,1707,1,1,5,8,10.16,57.2,82.3,478000
1000432,2025-08-20,Rural,1984,0,2,2.5,1186,3552,1,1,1,1,16.09,55.7,104.6,256200
1000433,2024-10-19,Suburb,1953,0,2,4.5,805,12873,2,0,5,1,17.7,42.5,89.7,299300
1000434,2024-05-06,Rural,1967,1,4,2.0,3012,5696,1,3,4,6,15.79,47.6,94.5,643100
1000435,2025-02-23,Downtown,1978,0,4,1.0,1751,6778,2,2,5,3,3.39,33.8,67.8,590600
1000436,2025-01-02,Downtown,1988,0,6,2.5,763,9183,1,1,4,9,5.01,54.2,73.5,441500
1000437,2023-06-02,Downtown,1994,0,3,2.0,1208,1621,2,1,5,8,17.59,16.8,75.4,472900
1000438,2024-02-17,Suburb,1998,0,1,2.0,4111,7994,1,1,2,8,27.25,56.7,76.9,799800
1000439,2025-12-23,Rural,2012,0,3,1.0,1446,5716,3,2,1,5,15.37,44.7,103.7,338500
1000440,2023-12-17,Suburb,1945,0,4,3.0,3033,2910,1,2,1,5,10.29,37.7,30.0,596200
1000441,2023-01-15,Rural,1971,0,4,2.0,2233,6740,1,1,2,5,16.02,41.5,78.7,483000
1000442,2025-07-03,Downtown,1940,0,4,1.5,1172,7144,2,3,2,2,3.77,42.6,76.3,432500
1000443,2025-10-19,Suburb,1940,0,6,1.0,1637,3446,2,2,3,6,25.78,64.5,47.8,403800
1000444,2024-12-19,Downtown,1958,0,5,2.0,552,8512,2,2,1,9,15.68,90.0,92.8,327500
1000445,2024-11-26,Uptown,1991,1,2,4.0,3264,11396,3,1,1,3,7.97,63.3,62.1,794400
1000446,2024-01-20,Suburb,2016,1,3,2.0,1737,4596,1,0,3,1,12.5,36.5,70.1,480500
1000447,2024-01-29,Waterfront,2006,0,5,3.0,2347,14525,2,2,4,6,9.26,54.4,118.7,920800
1000448,2025-09-28,Suburb,1995,1,3,3.5,1065,9497,1,1,1,4,25.81,55.1,100.2,390500
1000449,2025-07-29,Downtown,2006,0,3,2.0,3550,11778,1,2,3,8,12.18,31.1,90.6,1001000
1000450,2024-06-30,Suburb,1954,1,2,3.5,1308,1796,1,2,4,9,15.4,26.1,86.4,465600
1000451,2023-12-10,Downtown,2012,1,2,3.0,2595,11698,1,1,4,10,19.16,44.1,74.4,753100
1000452,2023-07-26,Rural,2016,0,5,2.5,3730,5580,2,1,1,4,7.33,57.1,122.0,729900
1000453,2023-01-12,Suburb,1948,0,6,1.0,3139,10884,2,1,4,10,15.74,20.8,95.6,785300
1000454,2024-06-13,Downtown,1980,1,5,1.0,2732,12221,1,1,1,2,16.47,34.2,61.5,768400
1000455,2024-08-30,Downtown,2011,1,2,4.5,3786,4355,3,2,2,4,0.5,53.6,47.2,994000
1000456,2025-01-09,Downtown,1980,1,1,3.5,1153,4482,1,2,2,3,16.27,45.6,90.5,442800
1000457,2025-06-01,Waterfront,2012,0,1,4.0,4066,1645,1,1,5,10,13.59,66.2,76.8,1147200
1000458,2024-02-07,Suburb,2020,0,3,4.0,2560,9394,2,2,1,7,15.17,23.8,46.6,650800
1000459,2023-07-02,Rural,1980,1,4,1.0,2016,11792,1,1,4,4,14.32,80.3,87.4,458100
1000460,2025-07-13,Suburb,1945,0,6,3.5,1446,6622,1,2,5,2,16.33,21.9,72.1,505800
1000461,2025-04-15,Suburb,1969,0,6,2.5,3256,3086,2,1,5,8,26.04,14.6,89.7,737000
1000462,2024-08-07,Downtown,1958,0,1,3.5,4112,5294,1,2,2,7,3.38,44.1,87.7,1031100
1000463,2023-02-12,Waterfront,1980,0,5,1.0,3054,6520,1,2,1,9,10.92,28.0,64.6,845800
1000464,2024-05-27,Uptown,1990,0,2,2.0,621,13809,2,1,2,5,20.0,44.4,91.9,318300
1000465,2024-11-09,Suburb,1979,0,2,3.5,2236,2561,1,1,4,2,18.33,43.9,67.0,533300
1000466,2025-07-30,Suburb,1956,0,4,3.5,3210,5674,2,2,1,4,18.13,42.1,68.5,727600
1000467,2024-07-10,Suburb,1965,0,1,3.0,1970,9861,2,1,4,7,38.78,32.4,66.3,434100
1000468,2024-05-22,Waterfront,1998,1,3,2.0,3360,4161,1,2,2,3,19.53,51.5,102.9,940200
1000469,2024-02-21,Downtown,1942,0,4,2.0,3117,13364,1,3,4,1,24.18,40.2,71.8,833100
1000470,2024-03-30,Suburb,1958,0,2,4.5,748,13712,1,2,4,9,11.24,61.6,108.2,448700
1000471,2023-01-18,Suburb,2016,0,4,2.5,2565,6197,2,1,3,6,5.06,42.3,117.2,736000
1000472,2023-04-24,Suburb,1948,1,3,2.5,1136,11393,1,2,4,4,11.17,30.5,61.7,433400
1000473,2025-04-08,Downtown,1975,0,5,2.5,2300,11534,3,3,5,6,20.41,19.7,30.0,717300
1000474,2024-02-02,Downtown,1957,0,2,2.5,1922,10482,1,2,2,8,17.66,42.4,101.0,660000
1000475,2025-07-21,Uptown,1948,0,1,2.5,3486,3448,2,0,3,1,17.63,26.0,70.5,748700
1000476,2024-03-11,Uptown,1976,0,4,2.5,3713,1503,1,0,4,5,12.07,24.8,58.9,860800
1000477,2025-12-28,Suburb,1984,0,2,3.5,2207,5730,1,2,5,3,10.64,52.9,65.0,557900
1000478,2023-07-17,Suburb,1955,1,5,4.0,2487,2663,1,1,3,1,12.38,18.3,68.9,611500
1000479,2023-07-26,Suburb,1946,0,1,4.0,2817,4951,2,1,2,1,20.52,66.2,106.5,608400
1000480,2024-10-06,Suburb,1951,0,4,2.5,2925,9865,3,1,5,5,21.57,47.4,81.5,666700
1000481,2025-05-29,Suburb,1996,1,6,2.5,2851,9161,1,2,5,6,4.94,44.3,106.2,835000
1000482,2023-06-07,Downtown,2013,0,1,3.0,3397,3774,1,1,3,6,20.86,29.5,88.9,885500
1000483,2024-07-05,Suburb,1955,1,2,3.5,4134,1051,1,2,1,8,8.14,56.5,71.2,919000
1000484,2023-09-03,Uptown,1967,0,6,2.5,3564,4004,1,2,2,5,18.22,45.0,69.4,817900
1000485,2025-03-18,Downtown,1969,0,4,3.0,998,7258,2,3,3,6,12.27,34.7,90.4,535400
1000486,2024-09-06,Suburb,1971,1,2,3.5,2262,11864,2,2,4,9,28.09,48.0,96.0,574900
1000487,2024-12-18,Suburb,1961,0,2,3.0,2207,5985,2,1,4,7,10.24,19.8,99.9,573200
1000488,2023-10-22,Uptown,1944,0,5,3.5,2383,4860,1,2,5,10,15.61,20.5,72.2,717200
1000489,2023-11-13,Suburb,1985,1,6,1.5,2455,8629,1,0,1,3,19.46,28.2,81.9,627000
1000490,2024-12-02,Suburb,1970,0,3,2.5,3157,1816,2,3,3,8,6.13,50.2,90.8,761000
1000491,2024-01-22,Suburb,1969,0,3,3.0,2058,4001,1,1,4,7,13.34,45.0,69.6,531000
1000492,2025-01-26,Suburb,1962,0,5,1.0,1474,1317,2,2,5,6,11.6,60.7,53.0,400400
1000493,2023-06-18,Suburb,2019,0,2,3.5,2193,8264,1,2,1,1,9.38,31.2,60.3,495100
1000494,2023-11-27,Uptown,1992,0,2,3.0,3662,7093,1,0,5,6,10.04,53.6,72.7,916700
1000495,2023-04-22,Rural,1976,0,5,1.5,1652,9072,2,2,1,9,24.01,43.3,92.6,421400
1000496,2023-04-06,Suburb,1957,0,2,3.5,576,9563,1,0,1,7,8.61,30.9,105.7,347300
1000497,2023-10-15,Suburb,2008,0,5,3.0,4113,6411,3,1,5,1,19.1,50.8,48.2,872200
1000498,2024-06-20,Suburb,2016,0,3,3.5,1224,13139,1,1,4,3,16.83,44.0,64.9,341000
1000499,2023-06-08,Uptown,1942,1,6,2.0,2731,13840,1,1,5,6,1.43,35.6,70.1,804700
1000500,2023-04-12,Suburb,2019,0,1,3.5,3461,2373,1,2,4,9,18.67,45.6,95.5,799300
1000501,2025-08-19,Suburb,2000,1,6,2.5,1515,13866,1,3,4,5,1.28,43.1,66.4,556500
1000502,2024-07-18,Rural,1948,0,2,2.5,1759,3592,1,1,3,9,19.65,42.7,68.5,370500
1000503,2025-02-23,Waterfront,2004,1,1,1.0,1538,4327,1,2,3,8,9.44,38.8,46.9,502900
1000504,2025-03-06,Suburb,1949,0,5,3.0,1054,8323,2,2,3,3,14.08,25.4,88.6,432100
1000505,2023-04-22,Suburb,1944,0,4,3.0,1066,1217,2,2,2,2,2.35,46.1,74.4,379800
1000506,2024-11-10,Rural,1949,1,6,2.5,1191,5970,1,0,5,10,15.1,33.0,63.6,406100
1000507,2025-08-01,Uptown,1979,0,1,2.5,2195,3563,1,3,2,6,22.34,29.7,72.3,533500
1000508,2024-05-06,Rural,1993,0,1,3.5,2464,7652,1,0,4,9,6.74,41.4,102.8,565500
1000509,2025-08-02,Suburb,1975,0,4,3.0,559,12369,2,2,4,10,8.54,56.0,55.9,310000
1000510,2025-11-02,Downtown,1950,0,6,2.0,3631,13923,2,2,3,5,18.09,47.8,59.5,971700
1000511,2024-08-21,Downtown,1957,0,3,4.5,3001,3813,1,2,4,1,18.32,37.0,105.5,793600
1000512,2023-04-22,Rural,2013,0,5,3.0,761,8538,1,0,1,10,0.5,36.4,79.7,293700
1000513,2024-11-07,Downtown,2022,0,6,4.5,3618,7537,1,0,2,6,32.14,54.5,92.7,961500
1000514,2025-08-22,Uptown,2004,0,6,4.5,612,6695,1,2,3,2,18.76,10.0,86.8,451000
1000515,2024-09-26,Uptown,1948,0,4,4.0,2574,9784,1,0,2,6,20.27,57.0,77.2,633700
1000516,2025-05-26,Downtown,2010,0,5,3.5,2221,14851,3,1,5,1,12.71,16.9,70.3,720400
1000517,2024-08-09,Uptown,1999,0,4,3.0,2358,6554,1,2,5,3,0.5,23.8,96.3,747900
1000518,2024-04-05,Rural,1985,0,5,1.5,4038,1726,1,2,4,4,20.07,37.3,103.6,794700
1000519,2025-11-02,Downtown,1952,0,4,2.5,3931,13807,1,0,2,5,8.91,77.6,101.9,1047900
1000520,2023-06-17,Rural,2025,0,4,3.5,1532,14036,2,1,1,6,18.9,70.2,51.9,387600
1000521,2024-05-05,Rural,1978,0,3,2.5,2645,5377,1,3,4,9,12.03,55.6,106.7,586000
1000522,2023-06-20,Uptown,1943,0,4,4.0,4049,7924,1,1,5,4,16.14,50.3,70.1,970700
1000523,2024-12-18,Downtown,1958,0,5,1.5,3197,13049,1,0,3,8,7.03,17.1,61.4,913300
1000524,2025-10-07,Suburb,1974,0,6,2.0,3785,7953,2,0,5,10,21.78,47.4,74.3,844500
1000525,2025-12-29,Downtown,1945,0,4,2.5,2109,7633,1,1,5,8,3.3,36.8,96.3,771300
1000526,2023-09-14,Uptown,1967,0,1,2.5,1547,13892,2,3,3,3,34.21,32.7,89.9,402600
1000527,2025-03-08,Waterfront,1980,1,4,1.5,2389,12569,1,1,2,7,34.14,47.3,72.4,734100
1000528,2025-08-16,Waterfront,2021,0,2,1.5,3523,8004,1,0,1,3,28.69,37.9,96.4,895000
1000529,2025-07-02,Rural,1947,0,1,3.5,3937,3093,3,1,4,5,25.48,58.0,81.1,676600
1000530,2024-07-05,Uptown,1989,0,1,2.5,3038,7025,2,0,3,7,13.24,16.0,65.4,692400
1000531,2023-07-11,Suburb,2018,0,4,1.0,3114,10406,1,1,1,3,24.5,46.1,62.4,610300
1000532,2024-05-21,Suburb,2009,0,6,1.0,2394,4669,2,3,1,1,13.13,31.8,87.0,614400
1000533,2025-04-30,Uptown,2019,0,4,2.5,1682,8429,1,2,5,9,0.5,38.9,76.2,622100
1000534,2024-11-09,Suburb,1954,0,3,1.5,2065,10155,1,0,2,8,27.53,49.6,47.7,457000
1000535,2024-03-01,Downtown,2008,0,1,3.0,2342,2007,2,1,2,2,24.16,28.2,96.6,592500
1000536,2023-08-24,Downtown,2024,1,5,3.5,3518,8889,2,0,4,4,13.72,47.5,67.4,988300
1000537,2024-12-15,Suburb,1968,1,1,2.0,2555,11274,1,0,2,3,2.97,41.8,113.0,606400
1000538,2024-04-14,Downtown,1982,0,6,3.0,3435,3843,2,2,5,10,8.72,35.1,47.1,997600
1000539,2024-06-01,Downtown,1985,0,5,1.5,601,8588,1,1,4,10,0.5,37.9,74.0,445000
1000540,2025-10-25,Rural,1982,0,6,2.0,3301,10874,1,2,2,7,22.51,42.7,62.6,649000
1000541,2023-01-11,Waterfront,1964,0,2,4.0,2376,1428,3,2,2,5,0.5,33.5,56.5,734300
1000542,2023-09-19,Suburb,2023,1,1,2.5,4194,9946,1,1,5,1,16.58,45.1,67.3,869300
1000543,2025-10-05,Rural,2022,0,2,4.0,2245,4488,2,3,3,3,6.41,40.8,117.0,555300
1000544,2025-10-07,Waterfront,1972,1,5,2.0,2270,6442,2,1,5,1,1.16,35.8,81.2,810600
1000545,2023-11-28,Downtown,2009,1,2,2.0,971,10002,2,1,2,8,16.15,68.8,60.6,383800
1000546,2025-12-25,Suburb,1974,0,6,2.5,3486,862,1,2,1,1,11.0,51.2,37.8,763600
1000547,2023-08-20,Uptown,2008,0,1,2.5,3096,1038,3,0,5,7,21.54,39.3,40.1,666300
1000548,2023-02-26,Downtown,1990,0,1,4.5,3692,7141,2,1,2,10,2.59,47.2,66.2,1028100
1000549,2023-12-03,Rural,1980,0,2,1.5,843,14287,2,2,5,4,7.18,29.6,64.1,271000
1000550,2024-08-05,Suburb,1951,0,5,3.5,1283,886,1,1,4,7,0.5,38.4,73.1,486400
1000551,2023-01-07,Suburb,1996,1,4,4.0,3745,12001,1,2,2,9,0.5,40.2,30.0,910300
1000552,2023-07-08,Downtown,1967,0,3,2.5,655,1865,1,1,4,5,30.18,26.3,76.0,280100
1000553,2025-05-16,Downtown,1958,0,4,2.0,2380,7743,1,2,1,5,32.75,50.8,100.6,615000
1000554,2024-11-12,Waterfront,1956,1,4,2.5,1997,6915,1,0,2,3,14.83,37.4,113.7,658200
1000555,2024-10-25,Downtown,2024,0,4,2.0,3976,7447,2,0,2,5,6.59,39.7,36.3,966700
1000556,2025-12-20,Uptown,1948,0,4,3.5,3670,1963,2,1,4,9,11.31,36.5,60.4,925200
1000557,2023-09-08,Uptown,2008,1,1,2.5,3818,11500,1,2,3,7,21.86,89.4,59.2,844000
1000558,2025-09-09,Suburb,2014,0,2,4.0,1569,4714,1,0,4,3,9.37,35.1,81.2,466100
1000559,2024-01-25,Suburb,1942,0,4,3.0,2674,11749,2,2,3,6,16.14,14.0,51.2,621700
1000560,2025-10-10,Suburb,1990,0,1,2.5,3090,10108,1,1,4,8,13.89,21.0,115.0,749700
1000561,2025-05-08,Downtown,1989,1,3,3.0,4080,8628,2,1,1,1,8.88,56.4,79.0,1001100
1000562,2023-08-22,Uptown,1970,0,1,2.5,527,5182,1,1,4,8,9.26,65.0,75.3,286700
1000563,2023-08-18,Rural,1997,0,5,4.0,4115,10062,1,0,1,3,16.64,34.8,113.0,777800
1000564,2024-08-17,Suburb,1975,0,1,1.5,1815,14967,1,3,1,3,5.21,64.2,77.6,437400
1000565,2024-07-05,Suburb,1977,0,1,4.5,974,13909,3,1,4,5,18.07,56.1,86.8,356900
1000566,2023-09-15,Suburb,1977,1,4,3.5,2778,13812,1,2,1,6,9.76,42.2,61.5,679600
1000567,2023-10-13,Rural,2008,0,2,4.0,3392,3920,2,2,4,10,15.15,41.1,47.8,627600
1000568,2025-09-12,Downtown,1994,1,3,2.5,980,9111,1,1,1,3,26.46,47.7,64.6,376300
1000569,2025-04-06,Uptown,1972,0,2,3.5,650,6449,1,2,1,3,12.49,58.2,126.1,330100
1000570,2023-07-29,Suburb,2019,0,2,2.0,3818,14531,2,2,5,4,22.28,51.0,91.9,789000
1000571,2025-03-05,Uptown,2008,1,5,3.5,3955,14292,1,2,1,9,0.5,34.8,84.0,1063400
1000572,2023-06-18,Rural,2020,0,5,1.5,1078,13126,1,1,5,10,9.77,42.4,56.5,396200
1000573,2024-05-02,Suburb,2002,0,2,2.0,3845,3110,1,2,2,5,14.25,74.7,98.0,780700
1000574,2023-01-14,Rural,1973,1,5,2.5,3867,5328,2,2,4,7,31.31,48.8,48.1,741000
1000575,2024-12-12,Rural,2006,0,5,2.0,4191,10900,1,1,5,10,0.5,58.0,43.5,803100
1000576,2023-07-19,Suburb,1968,0,4,2.0,1300,11445,1,2,1,9,13.13,53.1,65.7,423500
1000577,2023-09-16,Waterfront,1963,1,4,3.5,2642,5774,3,1,2,7,27.11,49.1,121.0,887300
1000578,2023-07-27,Suburb,1978,0,6,2.0,4179,2743,2,2,3,6,6.93,46.6,119.8,979100
1000579,2023-07-21,Rural,2023,0,3,3.5,3840,2744,2,3,5,10,12.08,58.5,68.1,727400
1000580,2023-03-26,Uptown,1988,0,3,1.0,2738,10521,2,3,1,3,16.99,55.8,63.2,618500
1000581,2024-08-30,Suburb,1972,0,4,3.5,1229,7249,2,2,1,4,15.66,49.0,41.9,385000
1000582,2025-08-09,Suburb,1979,0,6,3.5,812,7773,1,2,2,8,28.09,34.6,79.7,333100
1000583,2023-11-27,Downtown,1965,0,5,2.5,1459,12379,1,2,2,1,18.04,50.8,81.6,539500
1000584,2025-05-04,Uptown,1996,0,1,3.0,741,1038,2,0,2,6,25.95,44.0,95.4,254000
1000585,2024-08-18,Waterfront,1970,0,3,4.0,1222,11515,2,1,1,9,10.76,40.4,98.0,583000
1000586,2023-10-06,Suburb,1987,0,5,3.5,777,4694,3,1,5,2,7.34,85.2,73.7,311000
1000587,2023-03-09,Downtown,1971,0,2,2.0,3321,14024,2,0,4,9,11.97,21.9,90.2,922200
1000588,2025-05-08,Uptown,1967,0,6,2.5,2683,14367,1,3,1,5,3.57,59.4,62.6,736600
1000589,2023-01-26,Downtown,2023,0,5,3.5,2416,7930,1,2,3,9,18.35,32.1,89.8,805100
1000590,2024-04-07,Downtown,1969,0,6,2.0,3496,5285,2,1,4,7,10.53,47.0,66.8,965100
1000591,2023-02-07,Waterfront,1946,0,1,3.5,2020,4111,1,1,4,2,7.95,83.5,88.1,658300
1000592,2025-04-29,Suburb,1972,1,4,2.0,1991,3376,2,2,5,8,18.49,30.6,86.3,559900
1000593,2025-12-20,Uptown,1985,0,4,3.5,1265,14989,2,1,4,1,3.71,34.1,79.5,489100
1000594,2023-12-21,Suburb,1948,0,4,1.0,2146,3463,1,2,4,3,20.93,44.7,95.5,528000
1000595,2023-12-10,Downtown,1966,1,6,1.0,1145,7141,2,3,1,9,9.69,32.3,43.5,456300
1000596,2024-09-10,Uptown,1954,0,3,4.5,2680,7605,2,1,1,9,24.43,58.3,54.6,691500
1000597,2024-07-04,Suburb,1983,0,4,4.0,4191,10445,2,1,4,1,10.47,37.0,72.1,923700
1000598,2024-02-23,Suburb,2002,0,5,4.0,2472,12766,1,1,5,4,19.69,54.8,46.2,623600
1000599,2024-02-06,Waterfront,2023,0,5,4.5,1606,8724,2,0,2,1,15.62,25.1,69.0,622100
1000600,2023-07-25,Suburb,1973,0,5,2.5,3046,11564,1,1,4,3,20.7,17.9,69.8,713600
1000601,2023-10-02,Suburb,2014,0,3,2.0,3534,8847,1,0,2,10,14.99,41.6,106.8,768900
1000602,2024-10-03,Rural,1958,0,6,1.5,2246,7003,1,0,3,2,0.5,21.5,81.1,489200
1000603,2025-03-15,Waterfront,2007,1,1,2.5,1426,3040,2,1,4,7,23.08,67.8,100.6,558200
1000604,2025-04-02,Suburb,1988,1,3,2.0,3141,3764,2,0,4,9,13.21,22.1,84.6,751500
1000605,2024-07-20,Waterfront,2005,0,4,4.0,1193,6940,1,2,1,9,21.11,29.4,66.2,478700
1000606,2025-04-05,Rural,2004,0,1,1.0,4191,1454,2,0,5,4,20.21,51.2,80.9,705000
1000607,2024-10-10,Rural,1985,0,3,1.5,1676,5292,1,2,5,7,7.04,36.2,94.0,428900
1000608,2024-01-26,Downtown,1962,1,4,2.0,1796,7369,2,1,3,5,5.77,22.2,104.3,645700
1000609,2024-01-23,Suburb,1985,0,4,1.5,3190,7511,1,0,2,2,19.9,75.6,75.1,619300
1000610,2024-07-22,Suburb,2011,0,1,2.0,545,12370,2,0,3,3,11.27,30.0,41.8,245400
1000611,2023-12-04,Suburb,2023,0,2,3.0,1250,14541,1,2,5,8,22.43,42.1,40.2,355600
1000612,2025-04-17,Suburb,2019,0,2,2.0,964,11162,2,1,3,7,12.4,41.9,70.8,329200
1000613,2023-07-22,Waterfront,1955,0,4,3.0,1947,1929,1,1,1,6,23.21,55.7,30.0,543000
1000614,2023-03-01,Waterfront,1991,0,2,4.0,2548,6602,2,0,1,8,17.81,51.9,117.5,848300
1000615,2024-06-22,Uptown,1948,0,4,3.0,1164,11165,2,3,5,7,16.59,32.6,91.1,524700
1000616,2023-03-20,Suburb,1997,1,5,3.0,1774,9245,1,0,4,4,10.63,40.1,64.0,512200
1000617,2023-07-29,Rural,2025,0,5,2.0,3357,7300,1,1,4,3,16.09,41.6,53.6,674900
1000618,2024-02-17,Uptown,1944,0,2,1.5,3978,6995,2,2,1,10,24.74,56.2,100.6,864500
1000619,2023-01-05,Downtown,1996,0,6,2.0,552,6565,2,1,1,10,13.51,27.5,53.5,356100
1000620,2023-09-02,Downtown,2021,0,1,4.5,2822,9022,1,1,2,1,18.78,75.3,55.6,721300
1000621,2024-08-20,Rural,2012,0,1,3.0,595,3338,1,2,2,8,14.42,33.6,61.1,198600
1000622,2024-02-15,Suburb,1973,0,1,2.0,2425,8149,1,1,2,2,15.12,44.9,80.5,546800
1000623,2025-09-09,Waterfront,1948,0,2,2.5,3754,3723,2,0,3,9,29.51,27.6,91.7,987500
1000624,2023-04-13,Suburb,2019,0,6,3.5,3453,10470,2,1,2,6,24.82,25.5,104.2,847600
1000625,2025-02-27,Waterfront,2019,0,2,3.0,1361,13080,1,0,1,7,14.71,31.9,101.0,514500
1000626,2024-10-10,Suburb,1989,0,5,2.5,1457,8009,2,3,3,8,15.93,30.4,78.0,495200
1000627,2024-12-07,Rural,2024,0,3,4.0,3399,6304,2,2,4,7,7.68,38.8,100.5,718000
1000628,2025-01-06,Downtown,1940,0,1,3.0,3533,14157,2,2,4,3,12.44,30.3,63.2,959200
1000629,2023-02-27,Suburb,1993,0,3,3.0,1539,10168,1,0,2,9,16.78,55.4,37.9,408700
1000630,2025-05-17,Rural,1943,0,1,1.5,511,6878,1,2,2,6,21.66,33.3,63.2,199800
1000631,2023-12-30,Waterfront,2020,0,3,1.5,2144,1208,1,2,3,6,20.74,31.6,60.3,652500
1000632,2024-12-13,Rural,1998,0,4,4.5,2793,1026,1,0,1,4,4.02,39.1,64.1,560300
1000633,2023-11-19,Downtown,2018,1,4,3.0,2142,3945,1,2,5,1,22.79,59.9,56.9,656500
1000634,2024-03-10,Uptown,1988,1,2,2.5,3959,4156,1,2,5,6,13.2,48.2,67.9,970700
1000635,2025-02-06,Downtown,1947,0,5,3.0,3511,11044,1,2,1,4,5.12,43.5,91.6,1003200
1000636,2025-10-21,Downtown,1942,0,4,1.0,3415,7909,2,1,5,7,26.03,23.5,115.7,881200
1000637,2025-08-20,Suburb,1968,0,2,3.5,575,15000,1,0,1,4,27.17,27.9,40.0,180600
1000638,2025-03-07,Suburb,2003,0,3,1.5,3659,8476,2,2,3,10,16.37,25.8,49.7,831000
1000639,2024-08-13,Rural,1952,0,1,3.5,3295,13625,1,2,4,7,20.38,64.6,60.6,595300
1000640,2024-08-01,Rural,2013,1,6,2.5,1969,8644,2,1,2,5,20.91,53.0,94.8,503500
1000641,2025-11-24,Suburb,1960,1,5,2.0,2681,5886,1,0,2,8,26.56,32.1,73.5,644000
1000642,2023-08-15,Rural,1982,0,2,1.0,3550,10947,2,2,1,7,20.55,36.5,62.1,599400
1000643,2025-11-11,Downtown,1957,0,5,3.5,3853,7182,2,0,4,7,2.05,32.6,93.8,1058600
1000644,2024-12-12,Uptown,1980,1,5,1.5,2538,4700,1,1,1,6,32.09,31.7,99.0,629600
1000645,2024-11-06,Suburb,1978,0,4,1.0,653,7520,2,2,3,10,23.59,51.9,77.6,336700
1000646,2024-10-10,Rural,1940,1,1,3.5,2789,10242,1,0,2,4,9.41,40.7,60.0,526200
1000647,2025-06-09,Downtown,1988,0,6,2.0,3016,6133,2,0,5,5,4.73,76.2,83.9,864800
1000648,2025-01-18,Suburb,2007,1,6,2.0,718,10797,1,0,5,3,18.54,63.8,72.9,317800
1000649,2023-04-14,Suburb,2020,0,6,2.0,3524,14727,1,3,5,6,11.5,64.6,72.7,899600
1000650,2025-05-06,Downtown,1968,0,6,3.5,1245,6640,1,1,4,10,16.97,55.1,66.7,534200
1000651,2025-03-09,Suburb,2015,0,6,2.0,3795,4992,2,2,3,7,20.69,38.7,98.3,854200
1000652,2025-09-29,Rural,2015,0,5,1.5,2539,6511,1,3,2,3,8.9,54.0,83.5,575800
1000653,2025-10-23,Suburb,2025,0,1,2.0,1692,12704,2,2,1,10,3.96,39.8,100.8,535000
1000654,2025-11-06,Uptown,1972,1,3,1.5,717,3340,1,1,5,8,17.47,69.5,107.4,344300
1000655,2023-02-16,Rural,2013,0,2,2.0,566,14627,1,1,2,5,9.2,51.1,88.1,220400
1000656,2024-11-21,Uptown,1988,1,2,1.0,3244,6679,1,1,3,2,15.31,48.9,66.9,768500
1000657,2025-10-21,Rural,1945,0,5,1.5,1895,12751,2,2,1,5,1.91,46.9,100.9,483900
1000658,2025-11-24,Uptown,1963,0,5,2.5,3609,11973,2,3,2,9,11.73,71.1,88.2,900200
1000659,2024-08-25,Suburb,1997,0,4,4.0,1353,11927,1,2,4,6,20.43,23.5,135.3,486700
1000660,2025-09-25,Uptown,1953,0,5,1.0,3906,13708,2,1,3,2,19.45,72.6,84.8,872200
1000661,2025-08-22,Uptown,1977,0,1,1.5,3984,3425,1,1,3,2,6.9,42.2,93.3,860300
1000662,2023-01-03,Rural,2006,0,2,4.0,876,9229,1,2,2,10,3.49,23.9,84.4,305000
1000663,2025-08-27,Downtown,1952,0,6,4.0,2894,2205,1,0,1,5,14.14,33.7,75.8,786300
1000664,2024-11-29,Downtown,1982,0,3,3.0,3977,5051,1,2,5,7,19.05,20.2,72.3,1024800
1000665,2024-09-20,Uptown,1958,1,4,2.0,1695,1376,1,1,3,4,17.65,54.8,84.5,487900
1000666,2023-07-15,Suburb,1986,0,3,2.5,750,10489,2,2,2,1,9.39,29.4,89.5,365200
1000667,2025-10-03,Rural,1960,1,2,1.5,3740,9430,1,2,2,5,16.68,47.5,103.4,694900
1000668,2023-11-20,Waterfront,2023,0,5,1.5,2254,11310,2,1,4,7,27.52,62.0,84.8,733400
1000669,2024-04-02,Uptown,1946,0,5,2.0,600,3302,2,0,3,4,15.85,34.9,67.8,298300
1000670,2023-11-23,Suburb,2022,0,5,2.5,3609,5517,2,2,2,7,0.5,41.0,70.8,846600
1000671,2025-11-28,Downtown,2008,0,3,2.0,3012,10404,2,1,5,5,15.83,25.4,48.9,831300
1000672,2024-06-13,Suburb,2013,0,4,3.0,760,12537,2,1,5,4,32.4,39.2,114.5,362100
1000673,2023-05-05,Waterfront,2013,0,6,2.0,1457,13377,1,1,1,3,2.41,83.6,66.1,583400
1000674,2023-01-12,Suburb,1956,0,4,2.0,567,1846,1,1,4,3,14.27,56.7,99.3,345600
1000675,2025-12-10,Suburb,2020,0,3,3.5,4033,6516,1,2,5,3,11.96,41.0,84.1,932800
1000676,2023-09-16,Uptown,1991,0,2,4.0,592,952,2,0,3,8,14.86,35.8,84.7,287500
1000677,2025-04-24,Waterfront,2022,0,4,2.0,3445,12423,1,1,1,4,15.75,44.4,75.4,979400
1000678,2023-02-01,Suburb,2015,1,3,2.5,2392,2546,2,2,1,8,24.26,47.0,60.7,531500
1000679,2025-09-09,Downtown,1989,0,4,2.0,2656,12475,2,0,4,4,14.76,38.7,56.7,755900
1000680,2024-12-14,Uptown,1972,1,1,1.0,3503,3015,1,1,5,4,25.5,53.0,116.0,778700
1000681,2023-09-04,Downtown,1950,1,2,3.0,3812,1018,2,2,1,10,12.94,30.7,80.5,970800
1000682,2025-09-01,Downtown,1948,1,5,1.5,971,13281,1,2,3,9,10.85,30.6,102.8,552200
1000683,2023-11-23,Downtown,1973,1,3,2.5,566,7031,1,2,3,5,7.98,50.6,108.5,433200
1000684,2025-12-29,Suburb,2009,0,3,2.5,961,6835,2,2,2,3,0.5,27.5,69.0,379500
1000685,2024-10-19,Suburb,1983,0,4,1.5,3025,9984,1,1,4,8,16.48,55.9,87.3,738600
1000686,2024-05-06,Uptown,1981,0,3,1.0,2604,4704,1,1,5,1,32.49,44.8,79.0,598100
1000687,2023-03-06,Suburb,1961,1,5,2.0,810,10609,1,3,2,5,18.12,17.6,52.5,349100
1000688,2023-10-13,Waterfront,1988,0,2,4.5,1367,6893,1,2,1,6,20.18,46.6,73.9,501600
1000689,2023-03-05,Rural,1994,0,5,3.0,2488,4672,2,1,2,7,10.28,19.7,90.9,583800
1000690,2025-07-24,Suburb,2024,1,2,2.0,3202,6407,2,1,2,2,11.8,55.4,67.0,712300
1000691,2023-04-20,Uptown,2002,0,3,1.0,1770,887,1,1,4,1,22.86,41.3,70.9,434700
1000692,2023-05-05,Rural,1992,0,4,3.0,4014,5081,1,0,3,3,32.08,72.8,74.2,672400
1000693,2023-05-17,Uptown,2018,0,6,1.0,4172,9199,1,2,1,2,27.39,61.1,124.5,1005600
1000694,2025-12-03,Uptown,1976,0,2,2.5,3335,2758,2,2,2,6,21.25,29.1,37.7,728100
1000695,2025-11-29,Waterfront,2020,0,4,3.5,2181,2483,2,1,4,10,14.32,14.7,89.0,806900
1000696,2025-02-22,Suburb,1971,1,1,2.5,3746,10114,1,1,3,3,15.89,33.7,72.4,807100
1000697,2023-03-22,Rural,1950,0,1,2.0,3193,6881,1,1,3,5,7.22,26.7,63.9,591800
1000698,2024-07-06,Suburb,1975,0,5,1.0,2422,2739,2,0,2,3,0.97,72.4,71.9,540300
1000699,2025-11-05,Suburb,1951,0,5,1.0,2142,11420,2,2,2,1,3.86,44.8,92.7,580500
1000700,2023-04-16,Uptown,1950,0,3,2.5,3580,11811,1,1,1,8,14.45,59.0,93.9,872500
1000701,2025-05-19,Uptown,2015,0,4,4.0,2561,1293,2,1,1,3,11.37,40.7,82.1,719700
1000702,2023-01-20,Uptown,2008,1,3,2.0,1176,3664,1,2,1,6,0.78,42.3,102.0,494300
1000703,2025-05-31,Downtown,1959,1,2,2.5,4200,6059,1,3,4,7,13.66,44.5,105.9,1118900
1000704,2024-08-19,Rural,2012,0,3,3.0,752,11186,2,0,1,9,11.13,61.6,96.0,310900
1000705,2025-08-31,Uptown,1945,0,2,1.0,3072,1851,1,1,3,2,3.44,49.7,66.0,709200
1000706,2024-03-29,Suburb,1964,0,5,1.5,2927,12240,1,1,5,6,10.67,29.1,88.9,780600
1000707,2025-05-10,Rural,2000,0,3,2.0,2669,5336,2,0,4,10,11.11,69.3,89.0,547300
1000708,2025-07-12,Rural,1966,0,2,3.0,692,2579,2,1,3,5,8.45,40.6,60.1,240700
1000709,2023-12-23,Suburb,2002,0,4,2.5,2323,13060,1,2,1,1,22.34,38.2,43.5,517000
1000710,2024-12-04,Suburb,2015,0,5,3.0,3803,2031,2,0,3,3,0.5,10.0,33.5,832500
1000711,2024-05-20,Waterfront,1945,1,2,4.0,1386,2640,2,0,5,8,0.5,54.5,79.5,605900
1000712,2024-04-18,Suburb,1942,0,6,3.5,3059,14284,2,2,2,8,14.03,46.5,84.6,802200
1000713,2025-05-26,Rural,2020,1,3,4.5,3678,8178,3,1,5,4,14.87,46.5,52.0,736300
1000714,2023-09-05,Waterfront,1984,0,4,3.5,4024,7375,2,2,4,2,17.64,39.0,101.0,1192400
1000715,2023-05-12,Rural,1983,1,6,3.5,2410,10561,1,2,2,3,9.15,36.4,81.3,577700
1000716,2024-06-10,Downtown,1979,0,3,3.5,1661,9749,1,2,1,3,5.74,39.5,107.7,597600
1000717,2025-06-19,Suburb,1977,0,2,3.0,3089,9513,2,2,1,8,13.93,51.9,86.2,728200
1000718,2023-06-28,Downtown,1999,1,5,3.5,2299,1130,3,2,2,9,10.03,54.6,54.5,709700
1000719,2024-01-08,Suburb,1989,1,1,4.0,2820,8635,1,2,2,1,27.96,41.5,88.1,654700
1000720,2025-01-01,Waterfront,1954,0,3,2.5,3244,4757,1,1,4,8,11.08,59.2,92.7,1001600
1000721,2024-06-06,Suburb,1993,0,6,3.0,3128,12269,2,1,3,8,13.52,43.8,66.0,806300
1000722,2024-10-25,Suburb,1997,0,3,2.5,1398,7977,1,1,3,7,36.28,37.4,46.3,354400
1000723,2024-08-01,Downtown,1949,0,5,3.5,3297,2557,1,1,4,9,12.25,48.0,80.2,935400
1000724,2025-06-06,Waterfront,1972,0,4,2.5,2505,13385,2,0,4,1,19.01,24.6,56.0,758100
1000725,2025-08-17,Downtown,2007,1,2,3.5,3944,4837,2,1,4,7,19.82,48.5,102.7,1068200
1000726,2024-05-07,Downtown,1993,0,2,3.5,2940,4654,2,1,5,2,20.58,21.9,69.0,771400
1000727,2024-04-18,Uptown,1951,0,4,4.5,3800,14096,2,0,2,9,16.61,29.6,115.9,1041600
1000728,2023-11-02,Downtown,1943,0,1,2.0,4122,11808,1,1,5,5,15.74,14.7,31.3,1011800
1000729,2024-05-01,Suburb,1989,0,3,3.0,4180,13006,2,2,3,1,14.9,42.4,81.0,875800
1000730,2025-07-05,Suburb,1979,0,3,3.5,3256,10204,1,2,1,8,8.82,69.1,109.4,834400
1000731,2024-07-03,Uptown,2022,0,6,4.0,2710,13729,1,2,1,8,16.93,43.2,58.4,771900
1000732,2025-01-27,Downtown,1984,0,1,4.0,937,2436,2,1,1,5,32.26,54.7,74.5,263300
1000733,2024-04-03,Downtown,2020,0,6,2.5,1929,9320,2,2,5,4,24.9,80.3,69.1,607900
1000734,2025-02-13,Uptown,1958,1,3,2.5,2259,4966,2,2,1,1,16.74,51.1,63.0,598700
1000735,2025-02-19,Downtown,1978,0,4,1.5,3388,6458,1,0,5,10,21.7,33.5,83.4,963600
1000736,2024-08-01,Suburb,1952,1,4,4.5,2679,4177,3,3,4,2,6.18,35.6,49.5,716700
1000737,2025-10-21,Downtown,1989,0,2,2.0,2125,3711,2,0,3,9,11.66,45.0,75.6,655300
1000738,2025-08-18,Uptown,1956,0,6,3.0,1042,7084,2,2,5,6,22.53,35.5,89.4,497200
1000739,2023-06-23,Uptown,1982,0,2,3.5,3149,13840,2,2,5,7,27.38,36.6,73.3,820200
1000740,2023-09-07,Suburb,1969,0,1,2.5,2098,9822,1,1,5,7,7.06,59.8,56.0,545300
1000741,2025-11-12,Downtown,1955,0,5,1.5,633,5761,2,2,3,9,9.65,60.4,100.7,425300
1000742,2024-03-16,Downtown,1948,0,4,1.5,1551,6954,2,1,2,1,33.63,20.3,94.1,468400
1000743,2023-12-07,Rural,1984,0,6,3.5,3754,8324,2,0,1,10,14.87,32.7,55.1,706200
1000744,2025-05-22,Downtown,2021,0,3,2.5,939,4272,2,0,5,1,30.41,38.0,49.5,328400
1000745,2024-10-21,Suburb,1957,0,1,1.0,2003,8201,2,0,5,10,15.86,54.0,57.1,516500
1000746,2023-05-26,Suburb,1974,0,1,3.0,2395,10682,1,0,3,3,16.22,62.1,90.0,549100
1000747,2023-04-11,Uptown,1959,0,3,2.0,809,4253,1,2,1,9,11.25,85.5,84.1,322900
1000748,2025-06-04,Suburb,2009,0,2,4.0,1113,9100,3,1,5,1,22.48,38.0,95.4,397900
1000749,2025-04-18,Rural,1975,0,6,2.0,3979,10859,3,1,2,5,26.22,38.8,70.8,705400
1000750,2024-01-22,Rural,2023,0,1,1.5,2685,8174,3,2,3,6,4.68,53.8,57.7,495300
1000751,2025-08-03,Uptown,1961,0,6,1.0,1278,4946,1,0,4,10,10.83,34.8,98.2,533200
1000752,2023-05-18,Uptown,1946,0,2,2.5,1128,8673,1,1,1,2,22.24,42.9,65.8,307800
1000753,2025-08-10,Uptown,1990,0,1,2.5,2075,12064,2,2,1,1,12.83,38.8,82.1,543200
1000754,2023-03-28,Suburb,1996,0,2,3.5,3178,3951,2,3,1,7,9.56,10.0,43.9,694200
1000755,2024-11-28,Suburb,2025,1,1,2.5,3203,8960,1,1,5,1,23.09,46.8,65.5,721100
1000756,2025-07-12,Uptown,2014,0,3,2.0,1222,10462,2,0,5,8,23.93,42.3,100.2,479200
1000757,2024-11-09,Uptown,2016,1,2,2.0,3185,5365,1,2,3,1,9.95,64.1,62.2,748800
1000758,2025-05-03,Waterfront,1994,1,4,2.0,3817,6302,1,2,3,10,15.91,45.1,95.9,1115200
1000759,2024-01-12,Downtown,1970,0,4,4.0,1337,13422,1,1,3,6,3.12,26.2,30.0,533700
1000760,2023-11-12,Suburb,1976,0,1,1.5,597,5961,1,1,2,10,5.94,41.1,65.7,275400
1000761,2023-10-19,Suburb,1951,0,1,4.5,4048,9295,1,0,3,2,15.12,13.6,74.2,859000
1000762,2023-05-08,Downtown,1977,1,1,2.0,2431,2926,2,2,2,3,14.28,26.8,116.3,705200
1000763,2023-10-31,Downtown,1971,0,2,1.0,3373,13949,2,3,4,5,5.3,54.5,52.3,901000
1000764,2023-09-28,Downtown,1943,0,1,2.0,1684,9275,3,2,2,1,7.56,41.3,92.8,548200
1000765,2025-04-09,Waterfront,1957,0,2,1.0,1607,11597,1,1,4,2,4.41,58.8,101.3,593700
1000766,2023-08-22,Downtown,1985,0,4,3.5,1333,9358,1,2,5,4,18.1,15.5,62.1,546600
1000767,2023-07-01,Downtown,1971,0,2,2.5,1303,5848,1,2,2,8,0.5,41.4,69.8,479700
1000768,2025-03-14,Downtown,2025,0,2,2.0,2245,5632,2,1,1,8,4.9,37.9,81.1,736000
1000769,2024-08-12,Downtown,1981,0,3,3.0,891,10757,1,2,3,1,0.5,59.3,45.4,390300
1000770,2023-08-25,Suburb,2022,1,4,3.0,3616,13010,2,1,1,1,17.77,55.1,68.0,792300
1000771,2025-02-12,Uptown,1996,0,2,4.0,2392,2612,2,1,2,7,0.5,54.6,106.1,713500
1000772,2023-08-25,Suburb,1943,0,2,4.5,3887,12806,2,2,4,4,14.29,68.1,89.5,872200
1000773,2025-05-10,Suburb,1957,0,3,3.0,2358,12586,1,1,3,8,28.76,39.5,74.6,576100
1000774,2023-02-05,Rural,2000,1,1,3.5,1622,2348,1,3,3,3,29.06,65.0,80.5,351700
1000775,2024-10-08,Downtown,1986,1,3,3.5,2405,2336,1,1,4,4,0.5,29.3,90.8,766200
1000776,2024-10-16,Rural,1965,0,6,2.5,1070,10670,1,1,1,3,16.69,28.8,95.0,346600
1000777,2024-02-13,Suburb,1984,0,3,3.0,3549,12768,2,1,3,3,5.1,56.3,65.8,756700
1000778,2025-01-25,Downtown,2017,0,1,1.0,3165,6392,1,1,1,8,3.26,22.4,111.8,914400
1000779,2024-02-21,Rural,1973,1,5,3.5,1044,9897,2,1,3,5,12.98,53.6,107.0,404700
1000780,2024-12-17,Rural,1943,0,1,4.5,2653,14996,1,2,2,7,25.05,46.5,92.9,571600
1000781,2023-09-03,Uptown,1966,0,2,1.0,2491,5384,3,1,5,1,19.4,61.1,59.5,522800
1000782,2024-09-15,Waterfront,2020,0,1,3.5,1243,3995,3,1,2,6,7.56,44.1,55.6,452500
1000783,2025-04-08,Suburb,2005,0,6,4.0,951,14881,1,2,2,5,20.35,45.8,70.8,438300
1000784,2025-11-24,Suburb,2012,0,6,2.0,3313,4783,2,0,1,10,0.5,52.6,79.3,898500
1000785,2024-01-30,Waterfront,2018,0,4,2.5,1477,7511,1,2,1,5,7.22,35.1,39.1,571300
1000786,2024-06-02,Uptown,1950,0,4,4.0,2420,7078,2,1,2,2,6.58,34.4,88.9,715000
1000787,2024-06-06,Rural,1964,1,4,4.5,1416,8230,2,1,2,7,14.7,52.1,106.3,445900
1000788,2025-07-31,Uptown,1945,0,4,1.5,2918,4616,2,2,4,2,12.17,44.6,90.7,721200
1000789,2025-11-20,Rural,1940,0,4,2.0,681,10442,2,2,5,10,12.73,38.9,63.1,329700
1000790,2024-12-09,Suburb,2011,0,6,3.0,1829,10626,1,2,5,4,12.43,43.8,60.5,533800
1000791,2025-06-20,Downtown,2020,1,5,2.0,2524,3648,2,1,5,8,14.2,68.9,84.6,765800
1000792,2023-04-03,Suburb,1953,0,1,2.0,2125,7629,2,1,5,7,18.86,38.4,74.6,490600
1000793,2025-04-12,Uptown,2002,0,3,1.0,2766,1614,1,2,3,5,15.34,37.9,87.7,707700
1000794,2025-06-06,Downtown,1986,0,6,1.5,1167,3936,1,2,2,6,11.44,19.4,91.2,499700
1000795,2025-02-22,Downtown,1945,0,3,2.5,2135,14819,2,2,4,2,17.62,44.4,102.0,690700
1000796,2024-10-02,Uptown,2018,0,2,3.0,3299,7991,2,1,2,1,21.44,54.9,53.1,722600
1000797,2025-09-12,Downtown,2014,0,6,3.0,1734,9643,1,2,4,8,9.0,57.5,82.9,659700
1000798,2024-12-17,Downtown,1988,0,4,3.5,1081,13421,2,0,5,10,13.47,46.6,70.0,509500
1000799,2025-07-16,Suburb,2000,0,4,2.5,3637,10935,2,1,1,9,24.46,59.3,75.8,767400
1000800,2023-07-17,Suburb,1974,0,3,2.0,3380,12052,1,0,4,4,4.08,56.0,97.0,755200
1000801,2024-12-30,Suburb,2008,1,1,1.0,3018,10911,1,1,5,4,30.24,61.7,99.4,647200
1000802,2024-04-24,Uptown,1978,0,3,1.5,3453,7883,2,2,3,4,1.95,59.8,108.8,852400
1000803,2025-08-09,Rural,2025,0,3,2.0,3382,9783,2,1,2,8,10.89,68.5,87.4,673700
1000804,2025-08-23,Suburb,1945,0,6,1.5,3263,4896,2,1,2,7,5.45,42.5,75.6,779500
1000805,2025-07-14,Downtown,1954,0,2,1.0,2385,13444,1,2,1,8,33.69,25.1,72.4,583700
1000806,2023-08-25,Downtown,2023,0,1,1.5,571,3354,2,2,2,10,9.47,55.0,39.8,262200
1000807,2024-06-23,Suburb,1964,0,3,3.0,2709,13355,2,1,4,4,9.49,56.7,107.5,747600
1000808,2023-01-01,Downtown,1966,0,6,3.0,1510,13273,2,3,3,7,10.66,68.5,70.9,590700
1000809,2025-12-09,Suburb,2008,0,3,4.0,3361,2820,1,1,2,6,14.86,64.2,89.1,764800
1000810,2023-10-10,Waterfront,1956,1,3,3.5,2233,10885,2,2,3,10,11.04,74.2,92.9,831200
1000811,2024-11-15,Downtown,1984,1,5,2.5,3850,14854,1,0,5,4,12.8,54.3,50.6,1069400
1000812,2024-06-18,Downtown,1964,0,4,1.5,2704,8925,1,1,1,2,0.5,48.4,57.7,737700
1000813,2025-09-18,Waterfront,1957,0,2,2.5,2537,5633,2,1,1,4,14.51,24.2,112.0,761600
1000814,2025-06-19,Suburb,2022,0,6,1.0,3902,13288,2,0,5,7,14.16,49.6,84.4,905000
1000815,2025-05-01,Downtown,1957,0,4,2.5,2258,8078,1,1,4,10,23.35,36.7,65.2,689100
1000816,2024-12-06,Rural,1948,0,1,2.0,1890,2528,2,0,3,9,25.78,48.2,75.2,363000
1000817,2023-05-11,Rural,1997,0,3,2.5,1874,4339,1,2,5,1,12.31,45.8,101.9,415600
1000818,2025-10-04,Suburb,2014,0,6,2.0,3738,10492,1,0,3,6,21.35,52.1,98.6,879400
1000819,2023-03-10,Suburb,1950,0,3,3.0,3298,7266,1,0,3,2,4.09,43.5,45.7,739600
1000820,2024-05-14,Uptown,2000,1,4,3.5,1104,3877,1,3,2,4,20.91,59.0,114.0,429900
1000821,2024-02-20,Downtown,1986,0,4,3.5,2322,12147,2,2,5,10,8.85,10.0,99.3,847400
1000822,2024-03-04,Suburb,2011,0,5,3.0,1874,2512,2,3,4,10,3.34,47.8,74.6,590000
1000823,2025-12-07,Uptown,1950,0,6,2.5,2893,3910,2,1,2,2,12.33,63.0,51.8,669900
1000824,2023-09-11,Suburb,2023,0,1,1.0,693,7412,1,0,4,2,26.6,73.1,101.2,172800
1000825,2024-09-27,Rural,1993,0,4,3.0,3142,1361,1,2,4,7,15.63,56.0,88.5,619200
1000826,2023-08-27,Downtown,2012,1,4,2.5,3247,6301,1,1,1,5,27.47,70.3,45.9,779600
1000827,2025-09-26,Suburb,1971,0,1,2.0,1338,13722,2,0,1,5,7.26,47.5,72.9,337500
1000828,2025-03-17,Uptown,2021,0,5,2.0,1057,14165,1,2,3,9,23.43,45.0,146.8,523500
1000829,2024-03-30,Rural,1993,0,1,4.0,2822,13182,1,2,4,10,8.13,52.9,78.4,655200
1000830,2023-03-30,Uptown,1950,0,3,3.0,1451,5400,2,2,4,10,16.03,45.0,61.7,513000
1000831,2023-06-17,Suburb,2019,0,2,2.5,3984,1721,2,1,2,8,15.95,33.3,55.8,807400
1000832,2023-09-24,Suburb,2008,0,1,3.0,3369,12372,1,2,5,10,19.95,37.3,117.0,783800
1000833,2024-03-21,Uptown,1965,1,5,2.5,4034,6101,1,1,3,8,16.26,28.3,96.7,1038300
1000834,2025-08-28,Suburb,1986,0,2,2.5,2478,11434,2,3,2,9,7.35,52.9,109.0,671500
1000835,2023-05-12,Suburb,1973,0,2,2.0,3973,2492,1,1,1,6,21.92,45.2,83.5,790100
1000836,2024-09-24,Suburb,1986,0,6,2.5,551,10285,1,0,5,1,29.58,39.6,105.6,347600
1000837,2024-01-16,Rural,2023,1,6,3.0,1573,9127,2,0,4,9,8.75,36.5,59.3,447000
1000838,2023-02-21,Waterfront,2017,0,1,1.0,508,13870,1,2,3,10,0.5,52.6,81.6,332400
1000839,2024-11-09,Suburb,1958,0,2,3.5,3007,2247,1,3,2,4,18.49,56.7,84.3,635500
1000840,2025-02-10,Suburb,2023,0,5,2.0,2389,6592,1,2,1,5,11.02,28.0,108.4,647900
1000841,2025-11-17,Downtown,1977,0,5,3.0,1564,14858,1,2,1,6,12.82,25.7,85.0,606900
1000842,2024-07-09,Rural,2000,0,6,3.0,1628,6333,1,3,1,7,19.01,59.3,64.2,375500
1000843,2023-12-23,Suburb,2005,0,4,3.0,2882,10144,1,2,3,7,9.89,24.4,79.4,702200
1000844,2025-07-25,Suburb,1981,0,1,3.0,1167,3085,2,1,1,4,11.58,53.2,41.1,277700
1000845,2023-09-29,Downtown,1979,0,6,4.5,2404,11144,1,2,1,9,13.1,69.3,30.0,706500
1000846,2025-01-17,Rural,1979,0,1,2.5,2770,4716,2,0,2,9,27.23,69.3,96.3,515000
1000847,2025-10-30,Uptown,2014,1,1,3.0,1388,8926,3,1,4,10,14.27,56.1,69.8,482300
1000848,2023-01-05,Suburb,1973,1,5,3.0,1345,13293,1,1,3,6,2.88,55.6,72.2,484800
1000849,2025-10-10,Downtown,1964,0,4,2.0,1810,10187,1,0,1,1,3.24,78.8,96.3,550100
1000850,2023-08-14,Waterfront,1971,0,1,2.0,2691,7536,2,3,4,9,15.25,10.0,108.7,890600
1000851,2024-06-11,Downtown,1956,0,2,2.5,1441,3498,3,3,3,1,3.84,38.0,89.8,516800
1000852,2023-10-10,Downtown,1973,1,4,2.0,1903,5647,2,1,1,2,0.5,57.7,120.4,660600
1000853,2023-06-08,Rural,1949,0,2,2.0,2511,12860,1,2,4,3,19.72,39.9,89.1,522200
1000854,2025-02-08,Waterfront,1947,0,5,2.0,1191,3869,1,1,5,2,20.16,63.6,84.6,478100
1000855,2024-06-12,Downtown,2002,0,3,3.0,2605,10120,1,0,3,8,10.69,44.4,83.3,759200
1000856,2024-07-12,Suburb,1946,1,4,1.5,1011,7686,2,1,1,5,16.64,47.0,49.7,292200
1000857,2024-06-14,Suburb,1988,0,3,3.5,1027,5356,2,1,2,3,15.69,40.9,99.0,349200
1000858,2025-03-30,Rural,2007,0,3,2.5,1376,10977,1,1,3,1,19.42,37.2,30.0,351800
1000859,2025-11-24,Uptown,2002,1,3,3.0,1560,5942,2,0,5,3,19.44,36.8,65.1,456300
1000860,2024-07-16,Suburb,1978,0,5,1.0,610,4871,1,0,5,7,0.5,49.1,78.5,322300
1000861,2023-06-20,Rural,1956,1,4,2.5,4058,8315,2,0,5,8,11.84,33.4,60.6,789300
1000862,2023-12-25,Suburb,2020,0,4,1.0,1640,11560,1,3,5,3,18.66,59.3,68.1,457600
1000863,2024-06-27,Rural,2011,0,4,3.0,3477,13071,2,0,3,1,10.31,54.8,118.5,732200
1000864,2023-04-24,Suburb,1992,1,2,2.0,3838,9743,2,1,4,6,14.33,61.5,102.3,855800
1000865,2023-09-09,Downtown,1947,0,6,4.0,3463,10200,2,1,4,8,20.76,28.1,62.9,985600
1000866,2023-08-11,Waterfront,1943,0,4,2.0,3576,11984,1,1,4,1,14.73,19.5,67.7,1033400
1000867,2025-12-02,Rural,1967,0,5,2.5,870,4623,2,1,4,8,27.57,44.9,49.9,307700
1000868,2024-03-15,Rural,1953,0,6,2.0,1876,4363,2,0,1,2,24.14,88.5,93.5,412000
1000869,2025-08-21,Downtown,2013,0,6,3.0,3261,7673,1,2,5,3,12.93,64.0,72.5,936200
1000870,2024-08-27,Downtown,1957,0,5,2.5,2631,9761,1,2,1,7,12.22,36.7,34.7,735900
1000871,2024-07-08,Rural,1964,0,5,2.0,520,9973,2,2,3,1,0.5,51.4,80.2,270700
1000872,2025-10-25,Downtown,2023,0,3,1.5,2599,2983,1,2,3,4,11.06,55.9,87.7,730900
1000873,2025-01-28,Waterfront,2010,0,5,1.5,3477,11885,1,1,5,2,1.82,24.5,99.2,1083700
1000874,2023-09-20,Uptown,1958,0,2,1.5,3567,5966,1,1,1,3,15.99,65.5,76.4,789000
1000875,2023-11-05,Suburb,1972,0,5,4.5,1920,13258,1,1,3,8,15.38,42.5,69.8,587800
1000876,2024-12-31,Rural,1984,0,1,2.5,1374,11086,1,1,2,3,20.26,43.6,121.7,343400
1000877,2023-01-03,Uptown,1997,1,6,1.0,1645,14758,2,0,1,1,26.57,45.4,78.1,441500
1000878,2023-06-17,Uptown,2020,0,2,4.5,1596,9770,1,1,2,3,13.76,62.2,93.8,516000
1000879,2023-03-23,Suburb,2014,0,4,1.0,1782,8290,2,2,3,1,34.52,33.7,66.1,357400
1000880,2025-02-21,Suburb,2024,0,1,2.5,1616,3467,1,0,5,7,16.09,19.4,93.2,450800
1000881,2024-04-28,Suburb,1943,1,1,3.0,2192,6461,1,0,2,10,2.21,49.8,46.0,538300
1000882,2023-01-13,Suburb,1960,0,6,4.0,651,12989,1,2,5,2,8.94,14.3,67.8,405200
1000883,2025-03-23,Waterfront,1988,0,6,3.0,1518,6225,2,1,4,8,10.65,40.5,51.4,676900
1000884,2024-12-19,Suburb,1944,0,2,2.5,1664,1557,3,2,5,4,19.33,62.8,64.7,432400
1000885,2025-02-26,Downtown,1970,0,1,4.5,1067,4281,1,3,5,1,5.47,53.7,105.5,532300
1000886,2023-06-28,Uptown,1953,0,5,1.0,3749,9252,1,3,4,7,11.32,60.6,64.5,938600
1000887,2025-08-16,Uptown,2020,1,6,4.5,2999,9733,1,1,4,3,12.55,54.3,93.8,906600
1000888,2023-07-17,Downtown,1945,0,2,3.5,3875,14771,1,1,1,6,9.97,81.2,111.4,1079800
1000889,2024-09-17,Downtown,1952,0,4,4.0,2578,14061,2,2,4,6,21.3,36.2,77.4,788700
1000890,2024-09-04,Suburb,1956,0,2,2.0,905,8347,1,2,1,6,19.77,51.0,99.9,289700
1000891,2023-08-28,Uptown,1952,0,5,1.5,3847,8674,3,2,4,2,24.5,38.4,89.7,924300
1000892,2024-02-16,Waterfront,1988,0,3,3.0,2195,12170,2,1,4,3,11.02,59.4,80.6,741800
1000893,2023-02-27,Uptown,1971,0,1,2.5,3033,1490,1,0,4,8,24.82,44.1,94.5,718100
1000894,2024-05-31,Downtown,2018,0,2,2.5,1911,9252,2,0,4,10,1.72,70.8,118.5,695800
1000895,2025-01-12,Rural,1962,0,4,4.0,2329,7531,1,0,2,1,1.5,37.0,64.0,491100
1000896,2023-12-05,Rural,1986,1,5,3.0,2311,11920,2,0,2,5,3.08,66.1,56.9,568600
1000897,2024-08-12,Uptown,1996,0,1,2.0,1553,12165,1,3,3,9,14.08,53.9,55.6,452600
1000898,2025-11-10,Downtown,1993,0,6,2.5,2553,10110,2,0,3,3,24.82,44.5,99.9,768400
1000899,2023-09-15,Downtown,2008,0,4,1.5,3215,10134,1,2,2,5,8.58,53.1,102.8,921500
1000900,2023-11-15,Suburb,1957,0,6,1.5,574,10614,1,3,3,10,9.71,48.9,66.2,310100
1000901,2023-05-12,Suburb,1983,0,6,1.5,984,9038,2,1,3,10,12.06,50.3,31.0,336500
1000902,2024-08-17,Uptown,2008,1,1,3.5,3617,4035,1,1,2,7,19.16,41.9,63.2,822000
1000903,2023-08-12,Downtown,2014,0,1,3.0,2608,4840,1,2,4,7,9.7,34.5,90.1,794900
1000904,2025-07-25,Suburb,1993,1,5,2.5,4103,11334,2,1,2,7,9.2,40.0,76.5,932100
1000905,2023-11-15,Waterfront,1996,1,2,2.0,2737,9581,1,1,2,3,1.89,19.8,82.0,863200
1000906,2024-12-28,Suburb,2014,0,1,3.0,2918,4178,2,2,3,9,8.85,57.6,66.5,639600
1000907,2023-07-27,Suburb,1993,0,3,3.5,3827,13266,2,2,1,1,24.6,26.5,100.3,884900
1000908,2023-12-20,Downtown,2021,0,6,4.0,2944,14726,2,2,4,1,14.82,41.7,85.6,920200
1000909,2023-07-07,Uptown,1950,0,5,2.5,1719,9690,1,3,4,7,7.34,54.7,90.9,630200
1000910,2024-08-28,Uptown,1969,1,4,3.5,2454,4034,1,1,5,9,25.13,57.6,81.5,686500
1000911,2023-01-31,Rural,1949,0,2,2.5,1372,14124,3,2,2,9,8.73,18.4,89.5,389400
1000912,2023-04-01,Rural,1947,1,3,2.5,1737,4161,1,2,3,7,26.78,43.6,88.1,455300
1000913,2024-07-03,Waterfront,1980,0,5,4.0,3017,6941,1,2,3,4,26.63,51.9,57.6,828300
1000914,2024-08-21,Waterfront,1959,0,1,2.0,1051,12994,1,2,4,4,14.5,45.8,86.2,470200
1000915,2023-12-28,Waterfront,1975,0,4,2.0,2986,8194,1,2,4,5,0.51,65.2,95.4,934700
1000916,2024-04-17,Waterfront,1977,0,1,2.0,2661,4250,2,2,5,3,34.61,32.7,103.4,732300
1000917,2024-04-01,Downtown,1993,0,2,2.5,1641,1937,2,1,5,5,17.49,14.3,87.2,533400
1000918,2025-04-10,Downtown,2021,0,2,2.5,666,5925,2,2,1,2,11.09,57.2,56.8,257300
1000919,2024-05-04,Uptown,2013,0,5,3.0,3107,10344,2,1,2,4,22.61,36.9,60.2,766400
1000920,2025-07-18,Suburb,1972,1,6,2.5,3551,10948,1,2,4,10,20.32,18.6,68.4,810300
1000921,2023-08-26,Downtown,1968,0,1,1.5,3202,3965,1,2,3,8,25.8,42.6,82.2,782300
1000922,2023-08-07,Rural,2006,0,5,4.0,2057,3054,1,2,3,2,8.04,63.5,75.3,480800
1000923,2024-03-18,Suburb,1950,0,4,2.0,2918,10761,2,1,1,3,16.87,26.1,53.3,596600
1000924,2023-03-31,Suburb,1986,0,6,4.0,2035,3058,1,1,3,3,3.33,80.0,53.1,587400
1000925,2025-01-05,Downtown,1976,1,6,1.5,1825,1712,2,1,4,3,20.0,32.4,31.8,526800
1000926,2024-03-04,Uptown,1955,0,1,2.5,1710,7706,1,0,1,7,13.79,46.3,30.0,408300
1000927,2024-02-06,Downtown,1993,0,5,2.5,1280,8907,2,1,3,9,16.53,26.7,75.1,516700
1000928,2024-08-08,Rural,1967,0,4,3.5,4087,4260,2,3,5,8,12.68,45.6,129.0,846100
1000929,2023-03-31,Suburb,1955,0,1,1.5,2965,3799,2,1,3,5,11.74,43.0,117.5,702100
1000930,2024-02-17,Suburb,1996,0,2,4.0,1147,4146,1,3,5,2,6.19,22.7,56.5,469700
1000931,2025-12-01,Uptown,1954,1,6,2.5,3701,5668,3,1,2,2,21.11,87.4,81.3,887000
1000932,2024-11-19,Uptown,1997,0,4,3.0,1059,931,1,2,1,9,27.41,37.6,45.8,363300
1000933,2024-09-21,Suburb,1953,0,3,2.5,2697,966,1,2,4,7,8.99,37.6,49.1,673500
1000934,2024-07-08,Rural,1977,0,2,1.0,1112,6060,1,2,2,6,18.98,59.5,51.7,250500
1000935,2024-05-28,Rural,2009,0,6,2.5,1836,1082,1,2,1,6,17.89,72.2,73.0,449100
1000936,2025-10-23,Downtown,1959,1,2,2.0,2937,5319,2,2,1,9,14.07,61.9,74.0,808000
1000937,2025-10-16,Waterfront,2006,0,1,2.0,4197,9049,1,3,5,9,0.5,27.0,83.6,1249700
1000938,2024-03-24,Downtown,2002,0,4,3.0,4171,1242,1,2,4,1,2.29,48.2,92.6,1112300
1000939,2025-10-10,Rural,2017,0,6,2.5,3814,9573,2,0,2,4,6.97,16.8,70.6,701700
1000940,2023-04-01,Downtown,1954,0,2,1.0,1371,9622,2,1,3,1,0.5,58.5,78.8,471700
1000941,2023-12-17,Uptown,2001,1,2,1.0,846,8941,2,2,2,4,26.67,20.5,53.9,246600
1000942,2023-11-27,Rural,2020,0,3,1.5,3851,9699,2,1,1,7,17.31,33.0,48.4,631500
1000943,2025-02-03,Downtown,2005,0,2,1.5,3916,12291,1,1,5,3,13.73,45.0,45.0,968700
1000944,2024-10-26,Suburb,1956,0,4,3.0,1531,1805,2,2,5,2,0.5,51.7,92.3,471400
1000945,2024-06-01,Suburb,2010,0,2,1.5,570,3197,1,1,2,5,0.5,41.1,70.6,259300
1000946,2023-10-08,Uptown,1949,0,1,4.0,2897,5302,1,2,2,6,13.98,67.8,36.8,674500
1000947,2024-07-09,Suburb,1990,0,2,1.5,781,10571,1,2,5,8,31.73,55.8,76.6,291700
1000948,2023-10-22,Rural,1982,0,6,1.0,649,13194,2,2,3,1,7.71,54.7,50.5,230400
1000949,2024-06-29,Rural,1985,0,6,4.0,3968,13845,1,2,2,3,21.77,26.6,114.5,826500
1000950,2024-01-08,Uptown,1984,0,4,2.0,2334,9067,2,2,2,8,9.68,70.5,65.3,638100
1000951,2025-08-31,Suburb,1942,0,3,2.5,914,6624,1,2,3,7,14.5,33.0,93.0,378400
1000952,2025-03-28,Uptown,1983,0,5,4.5,2922,6650,1,3,3,9,24.93,71.1,102.0,787300
1000953,2023-07-12,Uptown,2020,0,2,4.0,1866,1649,1,0,1,9,10.89,75.3,57.0,500900
1000954,2025-10-27,Downtown,1977,1,4,3.0,2484,7404,1,2,3,9,7.79,52.7,79.7,837200
1000955,2024-12-23,Waterfront,1963,0,5,1.0,3826,8082,1,2,3,6,26.76,60.5,90.2,1067100
1000956,2024-01-20,Rural,2025,0,5,3.0,1380,3757,2,1,2,10,14.41,10.0,80.5,386400
1000957,2024-08-04,Rural,1948,0,2,4.5,2892,11705,1,1,2,5,23.82,42.1,85.9,560800
1000958,2023-08-03,Suburb,1981,0,5,4.0,3566,12329,1,1,3,10,7.83,61.5,48.7,826200
1000959,2023-02-21,Suburb,1984,0,4,1.5,2068,5088,2,1,2,4,26.66,58.9,90.2,457600
1000960,2024-04-06,Suburb,1981,0,6,2.0,4090,13779,1,3,5,5,16.46,26.7,67.3,910700
1000961,2025-05-07,Suburb,2019,1,2,2.0,2159,2320,1,1,3,7,17.91,40.6,85.7,538700
1000962,2024-01-21,Suburb,1976,0,4,1.5,2199,13732,1,0,3,4,15.18,10.0,98.2,598500
1000963,2024-02-26,Downtown,2023,0,5,3.0,3772,11707,1,2,2,2,9.45,51.2,92.7,1021100
1000964,2025-12-21,Downtown,1945,0,2,2.0,2853,3980,1,1,5,9,13.98,16.8,85.7,817600
1000965,2025-12-18,Waterfront,2003,0,5,2.0,3715,10032,2,0,1,5,10.02,62.0,92.1,1050400
1000966,2024-05-23,Suburb,1990,0,1,1.0,3425,5212,1,2,3,10,22.64,62.7,93.1,746400
1000967,2023-02-18,Waterfront,1960,1,5,2.5,3136,12157,2,1,1,4,12.17,37.9,110.9,985000
1000968,2025-01-14,Downtown,1959,0,4,1.5,1393,3081,1,0,4,10,0.53,52.8,77.3,529100
1000969,2025-02-22,Suburb,2001,0,2,2.5,1976,4277,2,2,2,7,0.5,41.7,81.6,520900
1000970,2025-09-28,Downtown,1994,0,1,1.5,3699,5162,2,2,2,8,0.5,48.6,98.5,951000
1000971,2025-11-05,Uptown,1992,0,5,4.5,2779,3635,1,2,1,8,19.56,27.8,67.2,757200
1000972,2024-11-20,Downtown,1944,1,2,1.5,1537,5526,1,1,4,3,3.64,54.3,48.6,494000
1000973,2023-04-28,Downtown,1991,0,3,2.5,1711,9357,1,1,2,9,16.7,20.4,88.9,595900
1000974,2023-10-01,Waterfront,2024,0,1,1.5,3371,9790,3,3,2,10,15.23,17.6,73.5,1006700
1000975,2025-02-24,Uptown,1941,0,6,1.0,1159,8666,3,2,5,7,13.42,43.2,51.4,481700
1000976,2024-10-27,Suburb,1980,0,4,1.5,914,3493,1,0,1,10,17.95,41.8,89.0,274600
1000977,2024-04-22,Suburb,1982,0,6,1.0,3331,3674,2,2,3,9,15.42,49.1,109.5,811800
1000978,2024-03-16,Suburb,2017,0,1,1.5,1567,13856,1,0,1,7,0.5,35.3,42.1,422200
1000979,2025-02-16,Suburb,1964,0,2,2.5,3332,4369,1,2,1,5,11.09,73.3,100.5,710000
1000980,2024-04-07,Downtown,1980,1,4,3.0,2474,2264,2,2,1,9,17.83,47.4,30.0,687100
1000981,2023-06-19,Waterfront,2001,0,4,1.0,4192,7247,1,3,1,2,28.76,48.5,69.2,995800
1000982,2025-12-09,Rural,1945,0,5,2.5,2442,897,1,3,5,6,29.18,48.0,118.5,580500
1000983,2024-01-18,Rural,2008,0,6,3.0,3710,5666,2,1,3,9,1.73,60.0,70.8,774800
1000984,2023-11-02,Suburb,2010,0,5,2.0,3647,12941,1,2,5,10,10.85,53.6,80.0,873800
1000985,2023-03-17,Downtown,2001,1,1,2.0,1284,4597,2,1,2,3,0.5,51.6,94.8,466400
1000986,2024-05-28,Waterfront,1995,0,2,1.0,4186,10794,1,2,4,1,27.68,56.0,40.2,962800
1000987,2025-12-16,Uptown,2004,0,6,2.0,3260,7755,1,2,1,4,23.12,17.6,79.6,796500
1000988,2023-06-25,Downtown,2007,1,4,2.5,896,5846,1,0,1,9,17.16,18.2,79.4,414300
1000989,2023-09-26,Uptown,2017,0,6,4.5,522,10195,3,0,1,6,15.49,43.9,119.0,365700
1000990,2023-07-15,Rural,1976,0,4,4.5,1504,9256,1,0,5,1,26.43,42.0,50.8,376500
1000991,2023-04-14,Suburb,1979,1,1,4.5,560,5319,1,0,4,2,24.9,53.7,69.6,270200
1000992,2024-10-23,Rural,1994,0,3,2.5,1823,3974,2,1,4,4,24.42,45.3,57.6,373300
1000993,2023-11-23,Rural,1956,0,5,1.0,4187,13819,3,3,5,4,18.11,53.7,55.2,764800
1000994,2025-04-03,Downtown,2013,1,4,2.0,2272,3191,2,1,2,2,10.86,26.3,102.8,715300
1000995,2024-03-15,Waterfront,2006,1,1,2.0,588,14425,2,2,4,5,20.9,44.8,78.6,376300
1000996,2024-11-28,Suburb,1994,0,2,1.0,2327,7490,1,2,3,5,21.34,24.9,65.8,496400
1000997,2023-04-08,Suburb,1965,0,6,1.0,1310,14954,2,2,3,2,12.28,50.8,66.6,405100
1000998,2023-12-27,Downtown,1969,0,6,2.5,3668,5815,2,1,4,3,10.84,16.8,65.6,988900
1000999,2024-03-29,Waterfront,1977,1,5,2.0,835,8830,2,2,3,7,24.2,50.2,67.6,444100
1001000,2023-03-07,Uptown,1996,0,1,1.5,3351,9536,2,2,1,10,28.98,23.0,50.2,732800
